European Union - 27 countries (from 2020),1993,0,,
European Union - 27 countries (from 2020),1994,0,,
European Union - 27 countries (from 2020),1995,0,,
European Union - 27 countries (from 2020),1996,0,,
European Union - 27 countries (from 2020),1997,0,,
European Union - 27 countries (from 2020),1998,0,,
European Union - 27 countries (from 2020),1999,0,,
European Union - 27 countries (from 2020),2000,0,,
European Union - 27 countries (from 2020),2001,0,65.9,
European Union - 27 countries (from 2020),2002,0,65.7,
European Union - 27 countries (from 2020),2003,0,66.0,
European Union - 27 countries (from 2020),2004,0,66.3,
European Union - 27 countries (from 2020),2005,0,66.8,
European Union - 27 countries (from 2020),2006,0,68.0,
European Union - 27 countries (from 2020),2007,0,69.0,
European Union - 27 countries (from 2020),2008,0,69.5,
European Union - 27 countries (from 2020),2009,0,68.2,
European Union - 27 countries (from 2020),2010,0,67.8,
European Union - 27 countries (from 2020),2011,0,67.9,
European Union - 27 countries (from 2020),2012,0,67.6,
European Union - 27 countries (from 2020),2013,0,67.5,
European Union - 27 countries (from 2020),2014,0,68.2,
European Union - 27 countries (from 2020),2015,0,69.1,
European Union - 27 countries (from 2020),2016,0,70.1,
European Union - 27 countries (from 2020),2017,0,71.3,
European Union - 27 countries (from 2020),2018,0,72.4,
European Union - 28 countries (2013-2020),1993,0,,
European Union - 28 countries (2013-2020),1994,0,,
European Union - 28 countries (2013-2020),1995,0,,
European Union - 28 countries (2013-2020),1996,0,,
European Union - 28 countries (2013-2020),1997,0,,
European Union - 28 countries (2013-2020),1998,0,,
European Union - 28 countries (2013-2020),1999,0,,
European Union - 28 countries (2013-2020),2000,0,,
European Union - 28 countries (2013-2020),2001,0,66.9,
European Union - 28 countries (2013-2020),2002,0,66.8,
European Union - 28 countries (2013-2020),2003,0,67.0,
European Union - 28 countries (2013-2020),2004,0,67.3,
European Union - 28 countries (2013-2020),2005,0,67.8,
European Union - 28 countries (2013-2020),2006,0,68.8,
European Union - 28 countries (2013-2020),2007,0,69.8,
European Union - 28 countries (2013-2020),2008,0,70.2,
European Union - 28 countries (2013-2020),2009,0,68.9,
European Union - 28 countries (2013-2020),2010,0,68.5,
European Union - 28 countries (2013-2020),2011,0,68.6,
European Union - 28 countries (2013-2020),2012,0,68.4,
European Union - 28 countries (2013-2020),2013,0,68.4,
European Union - 28 countries (2013-2020),2014,0,69.2,
European Union - 28 countries (2013-2020),2015,0,70.1,
European Union - 28 countries (2013-2020),2016,0,71.1,
European Union - 28 countries (2013-2020),2017,0,72.2,
European Union - 28 countries (2013-2020),2018,0,73.2,
European Union - 27 countries (2007-2013),1993,0,,
European Union - 27 countries (2007-2013),1994,0,,
European Union - 27 countries (2007-2013),1995,0,,
European Union - 27 countries (2007-2013),1996,0,,
European Union - 27 countries (2007-2013),1997,0,,
European Union - 27 countries (2007-2013),1998,0,,
European Union - 27 countries (2007-2013),1999,0,,
European Union - 27 countries (2007-2013),2000,0,,
European Union - 27 countries (2007-2013),2001,0,,
European Union - 27 countries (2007-2013),2002,0,,
European Union - 27 countries (2007-2013),2003,0,,
European Union - 27 countries (2007-2013),2004,0,,
European Union - 27 countries (2007-2013),2005,0,,
European Union - 27 countries (2007-2013),2006,0,,
European Union - 27 countries (2007-2013),2007,0,,
European Union - 27 countries (2007-2013),2008,0,,
European Union - 27 countries (2007-2013),2009,0,,
European Union - 27 countries (2007-2013),2010,0,,
European Union - 27 countries (2007-2013),2011,0,,
European Union - 27 countries (2007-2013),2012,0,,
European Union - 27 countries (2007-2013),2013,0,,
European Union - 27 countries (2007-2013),2014,0,,
European Union - 27 countries (2007-2013),2015,0,,
European Union - 27 countries (2007-2013),2016,0,,
European Union - 27 countries (2007-2013),2017,0,,
European Union - 27 countries (2007-2013),2018,0,,
Euro area - 19 countries  (from 2015),1993,0,,
Euro area - 19 countries  (from 2015),1994,0,,
Euro area - 19 countries  (from 2015),1995,0,,
Euro area - 19 countries  (from 2015),1996,0,,
Euro area - 19 countries  (from 2015),1997,0,62.9,
Euro area - 19 countries  (from 2015),1998,0,63.6,
Euro area - 19 countries  (from 2015),1999,0,64.6,
Euro area - 19 countries  (from 2015),2000,0,65.6,
Euro area - 19 countries  (from 2015),2001,0,66.2,
Euro area - 19 countries  (from 2015),2002,0,66.6,
Euro area - 19 countries  (from 2015),2003,0,66.9,
Euro area - 19 countries  (from 2015),2004,0,67.2,
Euro area - 19 countries  (from 2015),2005,0,67.8,
Euro area - 19 countries  (from 2015),2006,0,68.8,
Euro area - 19 countries  (from 2015),2007,0,69.8,
Euro area - 19 countries  (from 2015),2008,0,70.1,
Euro area - 19 countries  (from 2015),2009,0,68.7,
Euro area - 19 countries  (from 2015),2010,0,68.3,
Euro area - 19 countries  (from 2015),2011,0,68.4,
Euro area - 19 countries  (from 2015),2012,0,68.0,
Euro area - 19 countries  (from 2015),2013,0,67.7,
Euro area - 19 countries  (from 2015),2014,0,68.2,
Euro area - 19 countries  (from 2015),2015,0,69.0,
Euro area - 19 countries  (from 2015),2016,0,70.0,
Euro area - 19 countries  (from 2015),2017,0,71.0,
Euro area - 19 countries  (from 2015),2018,0,72.0,
Euro area - 18 countries (2014),1993,0,,
Euro area - 18 countries (2014),1994,0,,
Euro area - 18 countries (2014),1995,0,,
Euro area - 18 countries (2014),1996,0,,
Euro area - 18 countries (2014),1997,0,62.8,
Euro area - 18 countries (2014),1998,0,63.6,
Euro area - 18 countries (2014),1999,0,64.6,
Euro area - 18 countries (2014),2000,0,65.6,
Euro area - 18 countries (2014),2001,0,66.2,
Euro area - 18 countries (2014),2002,0,66.6,
Euro area - 18 countries (2014),2003,0,66.9,
Euro area - 18 countries (2014),2004,0,67.2,
Euro area - 18 countries (2014),2005,0,67.8,
Euro area - 18 countries (2014),2006,0,68.8,
Euro area - 18 countries (2014),2007,0,69.8,
Euro area - 18 countries (2014),2008,0,70.1,
Euro area - 18 countries (2014),2009,0,68.7,
Euro area - 18 countries (2014),2010,0,68.4,
Euro area - 18 countries (2014),2011,0,68.4,
Euro area - 18 countries (2014),2012,0,68.0,
Euro area - 18 countries (2014),2013,0,67.7,
Euro area - 18 countries (2014),2014,0,68.2,
Euro area - 18 countries (2014),2015,0,68.9,
Euro area - 18 countries (2014),2016,0,69.9,
Euro area - 18 countries (2014),2017,0,70.9,
Euro area - 18 countries (2014),2018,0,71.9,
Belgium,1993,0,61.2,e
Belgium,1994,0,61.0,e
Belgium,1995,0,61.4,e
Belgium,1996,0,61.7,e
Belgium,1997,0,62.4,e
Belgium,1998,0,63.1,e
Belgium,1999,0,64.5,b
Belgium,2000,0,65.8,
Belgium,2001,0,65.0,b
Belgium,2002,0,65.0,
Belgium,2003,0,64.7,
Belgium,2004,0,65.6,
Belgium,2005,0,66.5,
Belgium,2006,0,66.5,
Belgium,2007,0,67.7,
Belgium,2008,0,68.0,
Belgium,2009,0,67.1,
Belgium,2010,0,67.6,
Belgium,2011,0,67.3,
Belgium,2012,0,67.2,
Belgium,2013,0,67.2,
Belgium,2014,0,67.3,
Belgium,2015,0,67.2,
Belgium,2016,0,67.7,
Belgium,2017,0,68.5,b
Belgium,2018,0,69.7,
Bulgaria,1993,0,,
Bulgaria,1994,0,,
Bulgaria,1995,0,,
Bulgaria,1996,0,,
Bulgaria,1997,0,,
Bulgaria,1998,0,,
Bulgaria,1999,0,,
Bulgaria,2000,0,55.3,
Bulgaria,2001,0,54.8,b
Bulgaria,2002,0,55.8,
Bulgaria,2003,0,58.0,
Bulgaria,2004,0,60.1,
Bulgaria,2005,0,61.9,
Bulgaria,2006,0,65.1,
Bulgaria,2007,0,68.4,
Bulgaria,2008,0,70.7,
Bulgaria,2009,0,68.8,
Bulgaria,2010,0,64.7,b
Bulgaria,2011,0,62.9,b
Bulgaria,2012,0,63.0,
Bulgaria,2013,0,63.5,
Bulgaria,2014,0,65.1,
Bulgaria,2015,0,67.1,
Bulgaria,2016,0,67.7,
Bulgaria,2017,0,71.3,
Bulgaria,2018,0,72.4,
Czechia,1993,0,,
Czechia,1994,0,,
Czechia,1995,0,,
Czechia,1996,0,,
Czechia,1997,0,,
Czechia,1998,0,73.4,
Czechia,1999,0,71.5,
Czechia,2000,0,71.0,
Czechia,2001,0,71.2,
Czechia,2002,0,71.6,
Czechia,2003,0,70.7,
Czechia,2004,0,70.1,
Czechia,2005,0,70.7,
Czechia,2006,0,71.2,
Czechia,2007,0,72.0,
Czechia,2008,0,72.4,
Czechia,2009,0,70.9,
Czechia,2010,0,70.4,
Czechia,2011,0,70.9,b
Czechia,2012,0,71.5,
Czechia,2013,0,72.5,
Czechia,2014,0,73.5,
Czechia,2015,0,74.8,
Czechia,2016,0,76.7,
Czechia,2017,0,78.5,
Czechia,2018,0,79.9,
Denmark,1993,0,74.0,e
Denmark,1994,0,74.3,e
Denmark,1995,0,75.1,e
Denmark,1996,0,75.5,e
Denmark,1997,0,76.5,e
Denmark,1998,0,77.1,e
Denmark,1999,0,77.7,b
Denmark,2000,0,78.0,
Denmark,2001,0,78.3,
Denmark,2002,0,77.7,
Denmark,2003,0,77.3,
Denmark,2004,0,77.6,
Denmark,2005,0,78.0,
Denmark,2006,0,79.4,
Denmark,2007,0,79.0,
Denmark,2008,0,78.7,b
Denmark,2009,0,76.1,
Denmark,2010,0,74.9,
Denmark,2011,0,74.8,
Denmark,2012,0,74.3,
Denmark,2013,0,74.3,
Denmark,2014,0,74.7,
Denmark,2015,0,75.4,
Denmark,2016,0,76.0,b
Denmark,2017,0,76.6,b
Denmark,2018,0,77.5,
Germany (until 1990 former territory of the FRG),1993,0,67.6,e
Germany (until 1990 former territory of the FRG),1994,0,67.4,e
Germany (until 1990 former territory of the FRG),1995,0,67.5,e
Germany (until 1990 former territory of the FRG),1996,0,67.1,e
Germany (until 1990 former territory of the FRG),1997,0,66.8,e
Germany (until 1990 former territory of the FRG),1998,0,67.1,e
Germany (until 1990 former territory of the FRG),1999,0,68.1,e
Germany (until 1990 former territory of the FRG),2000,0,68.7,e
Germany (until 1990 former territory of the FRG),2001,0,68.9,e
Germany (until 1990 former territory of the FRG),2002,0,68.7,e
Germany (until 1990 former territory of the FRG),2003,0,68.3,e
Germany (until 1990 former territory of the FRG),2004,0,68.2,e
Germany (until 1990 former territory of the FRG),2005,0,69.4,b
Germany (until 1990 former territory of the FRG),2006,0,71.1,
Germany (until 1990 former territory of the FRG),2007,0,72.9,
Germany (until 1990 former territory of the FRG),2008,0,74.0,
Germany (until 1990 former territory of the FRG),2009,0,74.2,
Germany (until 1990 former territory of the FRG),2010,0,75.0,b
Germany (until 1990 former territory of the FRG),2011,0,76.5,b
Germany (until 1990 former territory of the FRG),2012,0,76.9,
Germany (until 1990 former territory of the FRG),2013,0,77.3,
Germany (until 1990 former territory of the FRG),2014,0,77.7,
Germany (until 1990 former territory of the FRG),2015,0,78.0,
Germany (until 1990 former territory of the FRG),2016,0,78.6,
Germany (until 1990 former territory of the FRG),2017,0,79.2,
Germany (until 1990 former territory of the FRG),2018,0,79.9,
Estonia,1993,0,,
Estonia,1994,0,,
Estonia,1995,0,,
Estonia,1996,0,,
Estonia,1997,0,70.9,e
Estonia,1998,0,71.1,e
Estonia,1999,0,68.4,e
Estonia,2000,0,66.6,b
Estonia,2001,0,67.4,
Estonia,2002,0,68.0,
Estonia,2003,0,69.6,
Estonia,2004,0,70.3,
Estonia,2005,0,72.0,
Estonia,2006,0,75.9,
Estonia,2007,0,76.9,
Estonia,2008,0,77.1,
Estonia,2009,0,70.0,
Estonia,2010,0,66.8,
Estonia,2011,0,70.6,
Estonia,2012,0,72.2,
Estonia,2013,0,73.3,
Estonia,2014,0,74.3,
Estonia,2015,0,76.5,
Estonia,2016,0,76.6,
Estonia,2017,0,78.7,
Estonia,2018,0,79.5,
Ireland,1993,0,57.5,e
Ireland,1994,0,59.2,e
Ireland,1995,0,60.9,e
Ireland,1996,0,62.0,e
Ireland,1997,0,63.4,e
Ireland,1998,0,67.6,b
Ireland,1999,0,70.2,
Ireland,2000,0,71.8,
Ireland,2001,0,72.4,
Ireland,2002,0,72.1,
Ireland,2003,0,72.0,
Ireland,2004,0,72.9,
Ireland,2005,0,74.0,
Ireland,2006,0,74.7,
Ireland,2007,0,75.1,b
Ireland,2008,0,73.5,
Ireland,2009,0,68.0,
Ireland,2010,0,65.5,
Ireland,2011,0,64.6,
Ireland,2012,0,64.5,
Ireland,2013,0,66.5,
Ireland,2014,0,68.1,
Ireland,2015,0,69.9,
Ireland,2016,0,71.4,
Ireland,2017,0,73.0,
Ireland,2018,0,74.1,
Greece,1993,0,58.5,e
Greece,1994,0,59.1,e
Greece,1995,0,59.7,e
Greece,1996,0,60.1,e
Greece,1997,0,60.4,e
Greece,1998,0,61.3,b
Greece,1999,0,61.4,
Greece,2000,0,61.9,
Greece,2001,0,61.5,b
Greece,2002,0,62.5,
Greece,2003,0,63.6,
Greece,2004,0,63.9,b
Greece,2005,0,64.4,
Greece,2006,0,65.6,
Greece,2007,0,65.8,
Greece,2008,0,66.3,
Greece,2009,0,65.6,b
Greece,2010,0,63.8,
Greece,2011,0,59.6,
Greece,2012,0,55.0,
Greece,2013,0,52.9,
Greece,2014,0,53.3,
Greece,2015,0,54.9,
Greece,2016,0,56.2,
Greece,2017,0,57.8,
Greece,2018,0,59.5,
Spain,1993,0,51.3,e
Spain,1994,0,50.8,e
Spain,1995,0,51.7,e
Spain,1996,0,52.7,
Spain,1997,0,54.2,
Spain,1998,0,55.9,
Spain,1999,0,58.3,
Spain,2000,0,60.7,
Spain,2001,0,62.1,b
Spain,2002,0,63.1,
Spain,2003,0,64.3,
Spain,2004,0,65.4,
Spain,2005,0,67.5,b
Spain,2006,0,69.0,
Spain,2007,0,69.7,
Spain,2008,0,68.5,
Spain,2009,0,64.0,
Spain,2010,0,62.8,
Spain,2011,0,62.0,
Spain,2012,0,59.6,
Spain,2013,0,58.6,
Spain,2014,0,59.9,
Spain,2015,0,62.0,
Spain,2016,0,63.9,
Spain,2017,0,65.5,
Spain,2018,0,67.0,
France,1993,0,,
France,1994,0,,
France,1995,0,,
France,1996,0,,
France,1997,0,,
France,1998,0,,
France,1999,0,,
France,2000,0,,
France,2001,0,,
France,2002,0,,
France,2003,0,69.2,e
France,2004,0,69.1,e
France,2005,0,68.9,e
France,2006,0,68.9,e
France,2007,0,69.4,e
France,2008,0,69.9,e
France,2009,0,69.0,e
France,2010,0,68.9,e
France,2011,0,68.8,e
France,2012,0,68.9,e
France,2013,0,69.0,e
France,2014,0,69.2,
France,2015,0,69.5,
France,2016,0,70.0,
France,2017,0,70.6,
France,2018,0,71.3,
Croatia,1993,0,,
Croatia,1994,0,,
Croatia,1995,0,,
Croatia,1996,0,,
Croatia,1997,0,,
Croatia,1998,0,,
Croatia,1999,0,,
Croatia,2000,0,,
Croatia,2001,0,,
Croatia,2002,0,,
Croatia,2003,0,58.4,e
Croatia,2004,0,59.5,e
Croatia,2005,0,59.9,e
Croatia,2006,0,60.6,e
Croatia,2007,0,63.9,
Croatia,2008,0,64.9,
Croatia,2009,0,64.2,
Croatia,2010,0,62.1,
Croatia,2011,0,59.8,
Croatia,2012,0,58.1,
Croatia,2013,0,57.2,
Croatia,2014,0,59.2,
Croatia,2015,0,60.6,
Croatia,2016,0,61.4,
Croatia,2017,0,63.6,
Croatia,2018,0,65.2,
Italy,1993,0,56.6,e
Italy,1994,0,55.7,e
Italy,1995,0,55.1,e
Italy,1996,0,55.1,e
Italy,1997,0,55.2,e
Italy,1998,0,55.7,
Italy,1999,0,56.4,
Italy,2000,0,57.4,
Italy,2001,0,58.5,
Italy,2002,0,59.4,
Italy,2003,0,60.0,
Italy,2004,0,61.6,b
Italy,2005,0,61.5,
Italy,2006,0,62.4,
Italy,2007,0,62.7,
Italy,2008,0,62.9,
Italy,2009,0,61.6,
Italy,2010,0,61.0,
Italy,2011,0,61.0,
Italy,2012,0,60.9,
Italy,2013,0,59.7,
Italy,2014,0,59.9,
Italy,2015,0,60.5,
Italy,2016,0,61.6,
Italy,2017,0,62.3,
Italy,2018,0,63.0,
Cyprus,1993,0,,
Cyprus,1994,0,,
Cyprus,1995,0,,
Cyprus,1996,0,,
Cyprus,1997,0,71.2,e
Cyprus,1998,0,71.2,e
Cyprus,1999,0,71.1,e
Cyprus,2000,0,72.2,e
Cyprus,2001,0,73.9,e
Cyprus,2002,0,74.9,e
Cyprus,2003,0,75.2,e
Cyprus,2004,0,75.1,e
Cyprus,2005,0,74.4,
Cyprus,2006,0,75.8,
Cyprus,2007,0,76.8,
Cyprus,2008,0,76.5,
Cyprus,2009,0,75.3,b
Cyprus,2010,0,75.0,
Cyprus,2011,0,73.4,
Cyprus,2012,0,70.2,
Cyprus,2013,0,67.2,
Cyprus,2014,0,67.6,
Cyprus,2015,0,67.9,
Cyprus,2016,0,68.7,
Cyprus,2017,0,70.8,
Cyprus,2018,0,73.9,
Latvia,1993,0,,
Latvia,1994,0,,
Latvia,1995,0,,
Latvia,1996,0,,
Latvia,1997,0,65.5,e
Latvia,1998,0,65.3,e
Latvia,1999,0,64.5,e
Latvia,2000,0,63.6,e
Latvia,2001,0,64.5,e
Latvia,2002,0,66.5,b
Latvia,2003,0,67.8,
Latvia,2004,0,67.9,
Latvia,2005,0,69.1,
Latvia,2006,0,73.2,
Latvia,2007,0,75.2,
Latvia,2008,0,75.4,
Latvia,2009,0,66.6,
Latvia,2010,0,64.3,
Latvia,2011,0,66.3,
Latvia,2012,0,68.1,
Latvia,2013,0,69.7,
Latvia,2014,0,70.7,
Latvia,2015,0,72.5,
Latvia,2016,0,73.2,
Latvia,2017,0,74.8,
Latvia,2018,0,76.8,
Lithuania,1993,0,,
Lithuania,1994,0,,
Lithuania,1995,0,,
Lithuania,1996,0,,
Lithuania,1997,0,68.2,e
Lithuania,1998,0,68.3,e
Lithuania,1999,0,67.7,e
Lithuania,2000,0,65.5,e
Lithuania,2001,0,64.2,e
Lithuania,2002,0,67.2,b
Lithuania,2003,0,68.9,
Lithuania,2004,0,69.3,
Lithuania,2005,0,70.7,
Lithuania,2006,0,71.3,
Lithuania,2007,0,72.7,
Lithuania,2008,0,72.0,
Lithuania,2009,0,67.0,
Lithuania,2010,0,64.3,
Lithuania,2011,0,66.9,
Lithuania,2012,0,68.5,
Lithuania,2013,0,69.9,
Lithuania,2014,0,71.8,
Lithuania,2015,0,73.3,
Lithuania,2016,0,75.2,
Lithuania,2017,0,76.0,
Lithuania,2018,0,77.8,
Luxembourg,1993,0,64.4,e
Luxembourg,1994,0,63.7,e
Luxembourg,1995,0,63.1,e
Luxembourg,1996,0,63.7,e
Luxembourg,1997,0,64.7,e
Luxembourg,1998,0,65.2,e
Luxembourg,1999,0,66.1,e
Luxembourg,2000,0,67.0,e
Luxembourg,2001,0,67.5,e
Luxembourg,2002,0,67.8,e
Luxembourg,2003,0,67.2,b
Luxembourg,2004,0,67.7,
Luxembourg,2005,0,69.0,
Luxembourg,2006,0,69.1,
Luxembourg,2007,0,69.6,b
Luxembourg,2008,0,68.8,
Luxembourg,2009,0,70.4,b
Luxembourg,2010,0,70.7,
Luxembourg,2011,0,70.1,
Luxembourg,2012,0,71.4,
Luxembourg,2013,0,71.1,
Luxembourg,2014,0,72.1,
Luxembourg,2015,0,70.9,b
Luxembourg,2016,0,70.7,
Luxembourg,2017,0,71.5,
Luxembourg,2018,0,72.1,
Hungary,1993,0,,
Hungary,1994,0,,
Hungary,1995,0,,
Hungary,1996,0,,
Hungary,1997,0,58.0,e
Hungary,1998,0,58.8,e
Hungary,1999,0,60.6,
Hungary,2000,0,61.2,
Hungary,2001,0,61.3,b
Hungary,2002,0,61.4,
Hungary,2003,0,62.4,
Hungary,2004,0,62.1,
Hungary,2005,0,62.2,
Hungary,2006,0,62.6,
Hungary,2007,0,62.3,
Hungary,2008,0,61.5,
Hungary,2009,0,60.1,
Hungary,2010,0,59.9,
Hungary,2011,0,60.4,
Hungary,2012,0,61.6,
Hungary,2013,0,63.0,
Hungary,2014,0,66.7,
Hungary,2015,0,68.9,
Hungary,2016,0,71.5,
Hungary,2017,0,73.3,
Hungary,2018,0,74.4,
Malta,1993,0,,
Malta,1994,0,,
Malta,1995,0,,
Malta,1996,0,,
Malta,1997,0,57.5,e
Malta,1998,0,57.5,e
Malta,1999,0,57.5,e
Malta,2000,0,57.4,e
Malta,2001,0,57.4,e
Malta,2002,0,57.7,
Malta,2003,0,57.8,
Malta,2004,0,57.9,
Malta,2005,0,57.4,b
Malta,2006,0,57.9,
Malta,2007,0,58.6,
Malta,2008,0,59.2,
Malta,2009,0,59.0,
Malta,2010,0,60.1,
Malta,2011,0,61.6,
Malta,2012,0,63.9,
Malta,2013,0,66.2,
Malta,2014,0,67.9,
Malta,2015,0,69.0,
Malta,2016,0,71.1,
Malta,2017,0,73.0,
Malta,2018,0,75.5,
Netherlands,1993,0,66.2,e
Netherlands,1994,0,66.5,e
Netherlands,1995,0,67.0,e
Netherlands,1996,0,68.3,e
Netherlands,1997,0,70.2,e
Netherlands,1998,0,71.7,e
Netherlands,1999,0,73.0,e
Netherlands,2000,0,74.3,
Netherlands,2001,0,75.4,
Netherlands,2002,0,75.8,
Netherlands,2003,0,75.2,
Netherlands,2004,0,74.9,
Netherlands,2005,0,72.7,b
Netherlands,2006,0,73.7,
Netherlands,2007,0,75.5,
Netherlands,2008,0,76.9,
Netherlands,2009,0,76.8,
Netherlands,2010,0,76.2,
Netherlands,2011,0,76.4,
Netherlands,2012,0,76.6,
Netherlands,2013,0,75.9,
Netherlands,2014,0,75.4,
Netherlands,2015,0,76.4,
Netherlands,2016,0,77.1,
Netherlands,2017,0,78.0,
Netherlands,2018,0,79.2,
Austria,1993,0,,
Austria,1994,0,,
Austria,1995,0,70.8,e
Austria,1996,0,70.3,e
Austria,1997,0,70.5,e
Austria,1998,0,70.9,e
Austria,1999,0,71.0,
Austria,2000,0,71.4,
Austria,2001,0,71.3,
Austria,2002,0,71.8,
Austria,2003,0,72.0,
Austria,2004,0,69.5,b
Austria,2005,0,70.4,
Austria,2006,0,71.6,
Austria,2007,0,72.8,b
Austria,2008,0,73.8,
Austria,2009,0,73.4,
Austria,2010,0,73.9,
Austria,2011,0,74.2,
Austria,2012,0,74.4,
Austria,2013,0,74.6,
Austria,2014,0,74.2,
Austria,2015,0,74.3,
Austria,2016,0,74.8,
Austria,2017,0,75.4,
Austria,2018,0,76.2,
Poland,1993,0,,
Poland,1994,0,,
Poland,1995,0,,
Poland,1996,0,,
Poland,1997,0,,
Poland,1998,0,65.2,e
Poland,1999,0,63.0,e
Poland,2000,0,61.0,b
Poland,2001,0,59.4,b
Poland,2002,0,57.4,
Poland,2003,0,57.1,b
Poland,2004,0,57.3,b
Poland,2005,0,58.3,
Poland,2006,0,60.1,
Poland,2007,0,62.7,
Poland,2008,0,65.0,
Poland,2009,0,64.9,
Poland,2010,0,64.3,b
Poland,2011,0,64.5,
Poland,2012,0,64.7,
Poland,2013,0,64.9,
Poland,2014,0,66.5,
Poland,2015,0,67.8,
Poland,2016,0,69.3,
Poland,2017,0,70.9,
Poland,2018,0,72.2,
Portugal,1993,0,69.7,e
Portugal,1994,0,68.7,e
Portugal,1995,0,68.1,e
Portugal,1996,0,68.1,e
Portugal,1997,0,69.0,
Portugal,1998,0,72.2,b
Portugal,1999,0,72.7,
Portugal,2000,0,73.5,
Portugal,2001,0,74.0,
Portugal,2002,0,73.6,
Portugal,2003,0,72.9,
Portugal,2004,0,72.5,
Portugal,2005,0,72.2,
Portugal,2006,0,72.6,
Portugal,2007,0,72.5,
Portugal,2008,0,73.1,
Portugal,2009,0,71.1,
Portugal,2010,0,70.3,
Portugal,2011,0,68.8,b
Portugal,2012,0,66.3,
Portugal,2013,0,65.4,
Portugal,2014,0,67.6,
Portugal,2015,0,69.1,
Portugal,2016,0,70.6,
Portugal,2017,0,73.4,
Portugal,2018,0,75.4,
Romania,1993,0,,
Romania,1994,0,,
Romania,1995,0,,
Romania,1996,0,,
Romania,1997,0,,
Romania,1998,0,70.4,e
Romania,1999,0,69.4,
Romania,2000,0,69.1,
Romania,2001,0,68.3,
Romania,2002,0,63.3,b
Romania,2003,0,63.7,b
Romania,2004,0,63.5,
Romania,2005,0,63.6,
Romania,2006,0,64.8,
Romania,2007,0,64.4,
Romania,2008,0,64.4,
Romania,2009,0,63.5,
Romania,2010,0,64.8,b
Romania,2011,0,63.8,
Romania,2012,0,64.8,
Romania,2013,0,64.7,
Romania,2014,0,65.7,
Romania,2015,0,66.0,
Romania,2016,0,66.3,
Romania,2017,0,68.8,
Romania,2018,0,69.9,
Slovenia,1993,0,,
Slovenia,1994,0,,
Slovenia,1995,0,,
Slovenia,1996,0,,
Slovenia,1997,0,68.4,e
Slovenia,1998,0,68.9,e
Slovenia,1999,0,68.1,
Slovenia,2000,0,68.5,
Slovenia,2001,0,69.4,
Slovenia,2002,0,69.0,
Slovenia,2003,0,68.1,
Slovenia,2004,0,70.4,
Slovenia,2005,0,71.1,
Slovenia,2006,0,71.5,
Slovenia,2007,0,72.4,
Slovenia,2008,0,73.0,
Slovenia,2009,0,71.9,
Slovenia,2010,0,70.3,
Slovenia,2011,0,68.4,
Slovenia,2012,0,68.3,
Slovenia,2013,0,67.2,
Slovenia,2014,0,67.7,
Slovenia,2015,0,69.1,
Slovenia,2016,0,70.1,
Slovenia,2017,0,73.4,
Slovenia,2018,0,75.4,
Slovakia,1993,0,,
Slovakia,1994,0,,
Slovakia,1995,0,,
Slovakia,1996,0,,
Slovakia,1997,0,67.7,e
Slovakia,1998,0,67.4,
Slovakia,1999,0,65.0,b
Slovakia,2000,0,63.5,
Slovakia,2001,0,63.5,
Slovakia,2002,0,63.6,
Slovakia,2003,0,64.8,b
Slovakia,2004,0,63.7,
Slovakia,2005,0,64.5,
Slovakia,2006,0,66.0,
Slovakia,2007,0,67.2,
Slovakia,2008,0,68.8,
Slovakia,2009,0,66.4,
Slovakia,2010,0,64.6,
Slovakia,2011,0,65.0,b
Slovakia,2012,0,65.1,
Slovakia,2013,0,65.0,
Slovakia,2014,0,65.9,
Slovakia,2015,0,67.7,
Slovakia,2016,0,69.8,
Slovakia,2017,0,71.1,
Slovakia,2018,0,72.4,
Finland,1993,0,,
Finland,1994,0,,
Finland,1995,0,,
Finland,1996,0,65.0,e
Finland,1997,0,66.7,e
Finland,1998,0,68.7,
Finland,1999,0,70.7,
Finland,2000,0,71.6,b
Finland,2001,0,72.6,
Finland,2002,0,72.6,
Finland,2003,0,72.2,
Finland,2004,0,72.2,
Finland,2005,0,73.0,
Finland,2006,0,73.9,
Finland,2007,0,74.8,
Finland,2008,0,75.8,
Finland,2009,0,73.5,
Finland,2010,0,73.0,
Finland,2011,0,73.8,
Finland,2012,0,74.0,
Finland,2013,0,73.3,
Finland,2014,0,73.1,
Finland,2015,0,72.9,
Finland,2016,0,73.4,
Finland,2017,0,74.2,
Finland,2018,0,76.3,
Sweden,1993,0,,
Sweden,1994,0,,
Sweden,1995,0,,
Sweden,1996,0,74.8,e
Sweden,1997,0,73.7,e
Sweden,1998,0,74.2,e
Sweden,1999,0,75.7,e
Sweden,2000,0,76.8,e
Sweden,2001,0,78.7,b
Sweden,2002,0,78.5,
Sweden,2003,0,77.9,
Sweden,2004,0,77.4,
Sweden,2005,0,77.9,b
Sweden,2006,0,78.8,
Sweden,2007,0,80.1,
Sweden,2008,0,80.4,
Sweden,2009,0,78.3,
Sweden,2010,0,78.1,
Sweden,2011,0,79.4,
Sweden,2012,0,79.4,
Sweden,2013,0,79.8,
Sweden,2014,0,80.0,
Sweden,2015,0,80.5,
Sweden,2016,0,81.2,
Sweden,2017,0,81.8,
Sweden,2018,0,82.4,b
United Kingdom,1993,0,70.2,e
United Kingdom,1994,0,70.6,e
United Kingdom,1995,0,71.1,e
United Kingdom,1996,0,71.7,e
United Kingdom,1997,0,72.6,e
United Kingdom,1998,0,73.1,e
United Kingdom,1999,0,73.5,b
United Kingdom,2000,0,74.0,
United Kingdom,2001,0,74.4,
United Kingdom,2002,0,74.5,
United Kingdom,2003,0,74.7,
United Kingdom,2004,0,75.0,b
United Kingdom,2005,0,75.2,
United Kingdom,2006,0,75.2,
United Kingdom,2007,0,75.2,b
United Kingdom,2008,0,75.2,b
United Kingdom,2009,0,73.9,
United Kingdom,2010,0,73.5,
United Kingdom,2011,0,73.5,
United Kingdom,2012,0,74.1,
United Kingdom,2013,0,74.8,
United Kingdom,2014,0,76.2,
United Kingdom,2015,0,76.8,
United Kingdom,2016,0,77.5,
United Kingdom,2017,0,78.2,
United Kingdom,2018,0,78.7,
Iceland,1993,0,,
Iceland,1994,0,,
Iceland,1995,0,,
Iceland,1996,0,,
Iceland,1997,0,,
Iceland,1998,0,,
Iceland,1999,0,,
Iceland,2000,0,,
Iceland,2001,0,,
Iceland,2002,0,,
Iceland,2003,0,85.1,b
Iceland,2004,0,84.4,
Iceland,2005,0,85.5,
Iceland,2006,0,86.3,
Iceland,2007,0,86.7,
Iceland,2008,0,85.3,
Iceland,2009,0,80.6,
Iceland,2010,0,80.4,
Iceland,2011,0,80.6,
Iceland,2012,0,81.8,
Iceland,2013,0,82.8,
Iceland,2014,0,84.9,
Iceland,2015,0,86.5,
Iceland,2016,0,87.8,
Iceland,2017,0,87.6,
Iceland,2018,0,86.5,
Norway,1993,0,,
Norway,1994,0,,
Norway,1995,0,,
Norway,1996,0,78.1,e
Norway,1997,0,79.8,e
Norway,1998,0,81.0,e
Norway,1999,0,80.6,e
Norway,2000,0,80.3,
Norway,2001,0,80.1,
Norway,2002,0,79.6,
Norway,2003,0,78.4,
Norway,2004,0,78.2,
Norway,2005,0,78.2,
Norway,2006,0,79.5,b
Norway,2007,0,80.9,
Norway,2008,0,81.8,
Norway,2009,0,80.6,
Norway,2010,0,79.6,
Norway,2011,0,79.6,
Norway,2012,0,79.9,
Norway,2013,0,79.6,
Norway,2014,0,79.6,
Norway,2015,0,79.1,
Norway,2016,0,78.6,
Norway,2017,0,78.3,
Norway,2018,0,79.2,
Switzerland,1993,0,,
Switzerland,1994,0,,
Switzerland,1995,0,,
Switzerland,1996,0,,
Switzerland,1997,0,,
Switzerland,1998,0,,
Switzerland,1999,0,,
Switzerland,2000,0,,
Switzerland,2001,0,,
Switzerland,2002,0,,
Switzerland,2003,0,,
Switzerland,2004,0,,
Switzerland,2005,0,,
Switzerland,2006,0,,
Switzerland,2007,0,,
Switzerland,2008,0,,
Switzerland,2009,0,,
Switzerland,2010,0,79.7,b
Switzerland,2011,0,80.8,
Switzerland,2012,0,81.0,
Switzerland,2013,0,80.8,
Switzerland,2014,0,81.1,
Switzerland,2015,0,81.7,
Switzerland,2016,0,82.0,
Switzerland,2017,0,82.1,
Switzerland,2018,0,82.5,
Montenegro,1993,0,,
Montenegro,1994,0,,
Montenegro,1995,0,,
Montenegro,1996,0,,
Montenegro,1997,0,,
Montenegro,1998,0,,
Montenegro,1999,0,,
Montenegro,2000,0,,
Montenegro,2001,0,,
Montenegro,2002,0,,
Montenegro,2003,0,,
Montenegro,2004,0,,
Montenegro,2005,0,,
Montenegro,2006,0,,
Montenegro,2007,0,,
Montenegro,2008,0,,
Montenegro,2009,0,,
Montenegro,2010,0,,
Montenegro,2011,0,50.7,
Montenegro,2012,0,52.0,
Montenegro,2013,0,52.7,
Montenegro,2014,0,55.6,
Montenegro,2015,0,56.7,
Montenegro,2016,0,57.1,
Montenegro,2017,0,58.2,
Montenegro,2018,0,59.8,
North Macedonia,1993,0,,
North Macedonia,1994,0,,
North Macedonia,1995,0,,
North Macedonia,1996,0,,
North Macedonia,1997,0,,
North Macedonia,1998,0,,
North Macedonia,1999,0,,
North Macedonia,2000,0,,
North Macedonia,2001,0,,
North Macedonia,2002,0,,
North Macedonia,2003,0,,
North Macedonia,2004,0,,
North Macedonia,2005,0,,
North Macedonia,2006,0,43.9,
North Macedonia,2007,0,45.0,
North Macedonia,2008,0,46.3,
North Macedonia,2009,0,47.9,
North Macedonia,2010,0,48.1,
North Macedonia,2011,0,48.4,
North Macedonia,2012,0,48.2,
North Macedonia,2013,0,50.3,
North Macedonia,2014,0,51.3,
North Macedonia,2015,0,51.9,
North Macedonia,2016,0,53.3,
North Macedonia,2017,0,54.8,
North Macedonia,2018,0,56.1,
Serbia,1993,0,,
Serbia,1994,0,,
Serbia,1995,0,,
Serbia,1996,0,,
Serbia,1997,0,,
Serbia,1998,0,,
Serbia,1999,0,,
Serbia,2000,0,,
Serbia,2001,0,,
Serbia,2002,0,,
Serbia,2003,0,,
Serbia,2004,0,,
Serbia,2005,0,,
Serbia,2006,0,,
Serbia,2007,0,,
Serbia,2008,0,,
Serbia,2009,0,,
Serbia,2010,0,,
Serbia,2011,0,,
Serbia,2012,0,,
Serbia,2013,0,,
Serbia,2014,0,54.8,
Serbia,2015,0,56.0,
Serbia,2016,0,59.1,
Serbia,2017,0,61.4,
Serbia,2018,0,63.1,
Turkey,1993,0,,
Turkey,1994,0,,
Turkey,1995,0,,
Turkey,1996,0,,
Turkey,1997,0,,
Turkey,1998,0,,
Turkey,1999,0,,
Turkey,2000,0,,
Turkey,2001,0,,
Turkey,2002,0,,
Turkey,2003,0,,
Turkey,2004,0,,
Turkey,2005,0,,
Turkey,2006,0,48.2,
Turkey,2007,0,48.2,
Turkey,2008,0,48.4,
Turkey,2009,0,47.8,
Turkey,2010,0,50.0,
Turkey,2011,0,52.2,
Turkey,2012,0,52.8,
Turkey,2013,0,53.4,
Turkey,2014,0,53.2,b
Turkey,2015,0,53.9,
Turkey,2016,0,54.4,
Turkey,2017,0,55.3,
Turkey,2018,0,55.6,
European Union - 27 countries (from 2020),1993,1,,
European Union - 27 countries (from 2020),1994,1,,
European Union - 27 countries (from 2020),1995,1,,
European Union - 27 countries (from 2020),1996,1,,
European Union - 27 countries (from 2020),1997,1,,
European Union - 27 countries (from 2020),1998,1,,
European Union - 27 countries (from 2020),1999,1,,
European Union - 27 countries (from 2020),2000,1,,
European Union - 27 countries (from 2020),2001,1,75.2,
European Union - 27 countries (from 2020),2002,1,74.7,
European Union - 27 countries (from 2020),2003,1,74.6,
European Union - 27 countries (from 2020),2004,1,74.5,
European Union - 27 countries (from 2020),2005,1,75.1,
European Union - 27 countries (from 2020),2006,1,76.0,
European Union - 27 countries (from 2020),2007,1,77.0,
European Union - 27 countries (from 2020),2008,1,77.2,
European Union - 27 countries (from 2020),2009,1,75.1,
European Union - 27 countries (from 2020),2010,1,74.5,
European Union - 27 countries (from 2020),2011,1,74.3,
European Union - 27 countries (from 2020),2012,1,73.8,
European Union - 27 countries (from 2020),2013,1,73.4,
European Union - 27 countries (from 2020),2014,1,74.0,
European Union - 27 countries (from 2020),2015,1,74.9,
European Union - 27 countries (from 2020),2016,1,76.0,
European Union - 27 countries (from 2020),2017,1,77.2,
European Union - 27 countries (from 2020),2018,1,78.3,
European Union - 28 countries (2013-2020),1993,1,,
European Union - 28 countries (2013-2020),1994,1,,
European Union - 28 countries (2013-2020),1995,1,,
European Union - 28 countries (2013-2020),1996,1,,
European Union - 28 countries (2013-2020),1997,1,,
European Union - 28 countries (2013-2020),1998,1,,
European Union - 28 countries (2013-2020),1999,1,,
European Union - 28 countries (2013-2020),2000,1,,
European Union - 28 countries (2013-2020),2001,1,76.0,
European Union - 28 countries (2013-2020),2002,1,75.5,
European Union - 28 countries (2013-2020),2003,1,75.4,
European Union - 28 countries (2013-2020),2004,1,75.4,
European Union - 28 countries (2013-2020),2005,1,75.9,
European Union - 28 countries (2013-2020),2006,1,76.7,
European Union - 28 countries (2013-2020),2007,1,77.6,
European Union - 28 countries (2013-2020),2008,1,77.8,
European Union - 28 countries (2013-2020),2009,1,75.7,
European Union - 28 countries (2013-2020),2010,1,75.1,
European Union - 28 countries (2013-2020),2011,1,75.0,
European Union - 28 countries (2013-2020),2012,1,74.5,
European Union - 28 countries (2013-2020),2013,1,74.3,
European Union - 28 countries (2013-2020),2014,1,75.0,
European Union - 28 countries (2013-2020),2015,1,75.9,
European Union - 28 countries (2013-2020),2016,1,76.9,
European Union - 28 countries (2013-2020),2017,1,78.0,
European Union - 28 countries (2013-2020),2018,1,79.0,
European Union - 27 countries (2007-2013),1993,1,,
European Union - 27 countries (2007-2013),1994,1,,
European Union - 27 countries (2007-2013),1995,1,,
European Union - 27 countries (2007-2013),1996,1,,
European Union - 27 countries (2007-2013),1997,1,,
European Union - 27 countries (2007-2013),1998,1,,
European Union - 27 countries (2007-2013),1999,1,,
European Union - 27 countries (2007-2013),2000,1,,
European Union - 27 countries (2007-2013),2001,1,,
European Union - 27 countries (2007-2013),2002,1,,
European Union - 27 countries (2007-2013),2003,1,,
European Union - 27 countries (2007-2013),2004,1,,
European Union - 27 countries (2007-2013),2005,1,,
European Union - 27 countries (2007-2013),2006,1,,
European Union - 27 countries (2007-2013),2007,1,,
European Union - 27 countries (2007-2013),2008,1,,
European Union - 27 countries (2007-2013),2009,1,,
European Union - 27 countries (2007-2013),2010,1,,
European Union - 27 countries (2007-2013),2011,1,,
European Union - 27 countries (2007-2013),2012,1,,
European Union - 27 countries (2007-2013),2013,1,,
European Union - 27 countries (2007-2013),2014,1,,
European Union - 27 countries (2007-2013),2015,1,,
European Union - 27 countries (2007-2013),2016,1,,
European Union - 27 countries (2007-2013),2017,1,,
European Union - 27 countries (2007-2013),2018,1,,
Euro area - 19 countries  (from 2015),1993,1,,
Euro area - 19 countries  (from 2015),1994,1,,
Euro area - 19 countries  (from 2015),1995,1,,
Euro area - 19 countries  (from 2015),1996,1,,
Euro area - 19 countries  (from 2015),1997,1,74.3,
Euro area - 19 countries  (from 2015),1998,1,74.9,
Euro area - 19 countries  (from 2015),1999,1,75.6,
Euro area - 19 countries  (from 2015),2000,1,76.3,
Euro area - 19 countries  (from 2015),2001,1,76.5,
Euro area - 19 countries  (from 2015),2002,1,76.4,
Euro area - 19 countries  (from 2015),2003,1,76.3,
Euro area - 19 countries  (from 2015),2004,1,76.2,
Euro area - 19 countries  (from 2015),2005,1,76.6,
Euro area - 19 countries  (from 2015),2006,1,77.3,
Euro area - 19 countries  (from 2015),2007,1,78.1,
Euro area - 19 countries  (from 2015),2008,1,78.0,
Euro area - 19 countries  (from 2015),2009,1,75.7,
Euro area - 19 countries  (from 2015),2010,1,75.0,
Euro area - 19 countries  (from 2015),2011,1,74.9,
Euro area - 19 countries  (from 2015),2012,1,74.1,
Euro area - 19 countries  (from 2015),2013,1,73.4,
Euro area - 19 countries  (from 2015),2014,1,73.8,
Euro area - 19 countries  (from 2015),2015,1,74.6,
Euro area - 19 countries  (from 2015),2016,1,75.6,
Euro area - 19 countries  (from 2015),2017,1,76.6,
Euro area - 19 countries  (from 2015),2018,1,77.6,
Euro area - 18 countries (2014),1993,1,,
Euro area - 18 countries (2014),1994,1,,
Euro area - 18 countries (2014),1995,1,,
Euro area - 18 countries (2014),1996,1,,
Euro area - 18 countries (2014),1997,1,74.3,
Euro area - 18 countries (2014),1998,1,75.0,
Euro area - 18 countries (2014),1999,1,75.6,
Euro area - 18 countries (2014),2000,1,76.4,
Euro area - 18 countries (2014),2001,1,76.6,
Euro area - 18 countries (2014),2002,1,76.5,
Euro area - 18 countries (2014),2003,1,76.3,
Euro area - 18 countries (2014),2004,1,76.2,
Euro area - 18 countries (2014),2005,1,76.6,
Euro area - 18 countries (2014),2006,1,77.4,
Euro area - 18 countries (2014),2007,1,78.1,
Euro area - 18 countries (2014),2008,1,78.1,
Euro area - 18 countries (2014),2009,1,75.7,
Euro area - 18 countries (2014),2010,1,75.1,
Euro area - 18 countries (2014),2011,1,75.0,
Euro area - 18 countries (2014),2012,1,74.1,
Euro area - 18 countries (2014),2013,1,73.5,
Euro area - 18 countries (2014),2014,1,73.8,
Euro area - 18 countries (2014),2015,1,74.6,
Euro area - 18 countries (2014),2016,1,75.6,
Euro area - 18 countries (2014),2017,1,76.6,
Euro area - 18 countries (2014),2018,1,77.6,
Belgium,1993,1,73.4,e
Belgium,1994,1,72.9,e
Belgium,1995,1,73.1,e
Belgium,1996,1,73.1,e
Belgium,1997,1,73.4,e
Belgium,1998,1,73.4,e
Belgium,1999,1,74.1,b
Belgium,2000,1,75.5,
Belgium,2001,1,74.5,b
Belgium,2002,1,74.0,
Belgium,2003,1,73.1,
Belgium,2004,1,73.8,
Belgium,2005,1,74.3,
Belgium,2006,1,74.0,
Belgium,2007,1,75.0,
Belgium,2008,1,74.7,
Belgium,2009,1,73.2,
Belgium,2010,1,73.5,
Belgium,2011,1,73.0,
Belgium,2012,1,72.7,
Belgium,2013,1,72.3,
Belgium,2014,1,71.6,
Belgium,2015,1,71.3,
Belgium,2016,1,72.3,
Belgium,2017,1,73.4,b
Belgium,2018,1,73.9,
Bulgaria,1993,1,,
Bulgaria,1994,1,,
Bulgaria,1995,1,,
Bulgaria,1996,1,,
Bulgaria,1997,1,,
Bulgaria,1998,1,,
Bulgaria,1999,1,,
Bulgaria,2000,1,60.2,
Bulgaria,2001,1,58.3,b
Bulgaria,2002,1,59.4,
Bulgaria,2003,1,62.2,
Bulgaria,2004,1,64.4,
Bulgaria,2005,1,66.8,
Bulgaria,2006,1,69.9,
Bulgaria,2007,1,73.4,
Bulgaria,2008,1,76.1,
Bulgaria,2009,1,73.8,
Bulgaria,2010,1,68.6,b
Bulgaria,2011,1,66.0,b
Bulgaria,2012,1,65.8,
Bulgaria,2013,1,66.4,
Bulgaria,2014,1,68.1,
Bulgaria,2015,1,70.4,
Bulgaria,2016,1,71.3,
Bulgaria,2017,1,75.3,
Bulgaria,2018,1,76.5,
Czechia,1993,1,,
Czechia,1994,1,,
Czechia,1995,1,,
Czechia,1996,1,,
Czechia,1997,1,,
Czechia,1998,1,83.0,
Czechia,1999,1,80.8,
Czechia,2000,1,80.2,
Czechia,2001,1,80.3,
Czechia,2002,1,80.9,
Czechia,2003,1,80.1,
Czechia,2004,1,79.2,
Czechia,2005,1,80.1,
Czechia,2006,1,80.4,
Czechia,2007,1,81.5,
Czechia,2008,1,82.0,
Czechia,2009,1,80.2,
Czechia,2010,1,79.6,
Czechia,2011,1,79.9,b
Czechia,2012,1,80.2,
Czechia,2013,1,81.0,
Czechia,2014,1,82.2,
Czechia,2015,1,83.0,
Czechia,2016,1,84.6,
Czechia,2017,1,86.3,
Czechia,2018,1,87.4,
Denmark,1993,1,78.5,e
Denmark,1994,1,80.3,e
Denmark,1995,1,82.1,e
Denmark,1996,1,82.5,e
Denmark,1997,1,83.0,e
Denmark,1998,1,82.9,e
Denmark,1999,1,83.0,b
Denmark,2000,1,82.9,
Denmark,2001,1,82.8,
Denmark,2002,1,82.3,
Denmark,2003,1,82.2,
Denmark,2004,1,82.1,
Denmark,2005,1,82.3,
Denmark,2006,1,83.8,
Denmark,2007,1,83.2,
Denmark,2008,1,83.0,b
Denmark,2009,1,79.1,
Denmark,2010,1,77.7,
Denmark,2011,1,78.3,
Denmark,2012,1,77.5,
Denmark,2013,1,77.5,
Denmark,2014,1,78.4,
Denmark,2015,1,79.3,
Denmark,2016,1,79.4,b
Denmark,2017,1,79.9,b
Denmark,2018,1,80.9,
Germany (until 1990 former territory of the FRG),1993,1,78.1,e
Germany (until 1990 former territory of the FRG),1994,1,77.5,e
Germany (until 1990 former territory of the FRG),1995,1,77.3,e
Germany (until 1990 former territory of the FRG),1996,1,76.2,e
Germany (until 1990 former territory of the FRG),1997,1,75.5,e
Germany (until 1990 former territory of the FRG),1998,1,75.5,e
Germany (until 1990 former territory of the FRG),1999,1,76.1,e
Germany (until 1990 former territory of the FRG),2000,1,76.5,e
Germany (until 1990 former territory of the FRG),2001,1,76.2,e
Germany (until 1990 former territory of the FRG),2002,1,75.5,e
Germany (until 1990 former territory of the FRG),2003,1,74.7,e
Germany (until 1990 former territory of the FRG),2004,1,74.4,e
Germany (until 1990 former territory of the FRG),2005,1,75.6,b
Germany (until 1990 former territory of the FRG),2006,1,77.2,
Germany (until 1990 former territory of the FRG),2007,1,79.1,
Germany (until 1990 former territory of the FRG),2008,1,80.1,
Germany (until 1990 former territory of the FRG),2009,1,79.6,
Germany (until 1990 former territory of the FRG),2010,1,80.4,b
Germany (until 1990 former territory of the FRG),2011,1,81.7,b
Germany (until 1990 former territory of the FRG),2012,1,82.1,
Germany (until 1990 former territory of the FRG),2013,1,82.1,
Germany (until 1990 former territory of the FRG),2014,1,82.2,
Germany (until 1990 former territory of the FRG),2015,1,82.3,
Germany (until 1990 former territory of the FRG),2016,1,82.7,
Germany (until 1990 former territory of the FRG),2017,1,83.1,
Germany (until 1990 former territory of the FRG),2018,1,83.9,
Estonia,1993,1,,
Estonia,1994,1,,
Estonia,1995,1,,
Estonia,1996,1,,
Estonia,1997,1,76.7,e
Estonia,1998,1,76.6,e
Estonia,1999,1,73.5,e
Estonia,2000,1,70.8,b
Estonia,2001,1,71.5,
Estonia,2002,1,72.0,
Estonia,2003,1,73.5,
Estonia,2004,1,73.5,
Estonia,2005,1,74.6,
Estonia,2006,1,79.5,
Estonia,2007,1,81.4,
Estonia,2008,1,81.5,
Estonia,2009,1,71.0,
Estonia,2010,1,67.8,
Estonia,2011,1,73.5,
Estonia,2012,1,75.1,
Estonia,2013,1,76.7,
Estonia,2014,1,78.3,
Estonia,2015,1,80.5,
Estonia,2016,1,80.8,
Estonia,2017,1,82.4,
Estonia,2018,1,83.4,
Ireland,1993,1,72.4,e
Ireland,1994,1,73.8,e
Ireland,1995,1,75.3,e
Ireland,1996,1,75.7,e
Ireland,1997,1,76.6,e
Ireland,1998,1,80.8,b
Ireland,1999,1,83.0,
Ireland,2000,1,84.4,
Ireland,2001,1,84.3,
Ireland,2002,1,83.1,
Ireland,2003,1,82.8,
Ireland,2004,1,83.5,
Ireland,2005,1,84.2,
Ireland,2006,1,84.5,
Ireland,2007,1,84.2,b
Ireland,2008,1,81.4,
Ireland,2009,1,73.1,
Ireland,2010,1,69.9,
Ireland,2011,1,68.9,
Ireland,2012,1,68.8,
Ireland,2013,1,71.8,
Ireland,2014,1,74.1,
Ireland,2015,1,76.1,
Ireland,2016,1,77.5,
Ireland,2017,1,79.1,
Ireland,2018,1,80.3,
Greece,1993,1,78.6,e
Greece,1994,1,79.0,e
Greece,1995,1,79.3,e
Greece,1996,1,79.7,e
Greece,1997,1,79.2,e
Greece,1998,1,78.9,b
Greece,1999,1,78.5,
Greece,2000,1,78.8,
Greece,2001,1,78.2,b
Greece,2002,1,78.4,
Greece,2003,1,79.2,
Greece,2004,1,79.1,b
Greece,2005,1,79.3,
Greece,2006,1,79.9,
Greece,2007,1,80.1,
Greece,2008,1,80.1,
Greece,2009,1,78.5,b
Greece,2010,1,76.0,
Greece,2011,1,70.8,
Greece,2012,1,65.0,
Greece,2013,1,62.7,
Greece,2014,1,62.6,
Greece,2015,1,64.0,
Greece,2016,1,65.8,
Greece,2017,1,67.7,
Greece,2018,1,70.1,
Spain,1993,1,68.9,e
Spain,1994,1,67.8,e
Spain,1995,1,68.6,e
Spain,1996,1,69.3,
Spain,1997,1,70.8,
Spain,1998,1,72.8,
Spain,1999,1,75.2,
Spain,2000,1,76.9,
Spain,2001,1,77.8,b
Spain,2002,1,77.8,
Spain,2003,1,78.3,
Spain,2004,1,78.5,
Spain,2005,1,79.8,b
Spain,2006,1,80.7,
Spain,2007,1,80.6,
Spain,2008,1,77.9,
Spain,2009,1,71.0,
Spain,2010,1,69.2,
Spain,2011,1,67.7,
Spain,2012,1,64.6,
Spain,2013,1,63.4,
Spain,2014,1,65.0,
Spain,2015,1,67.6,
Spain,2016,1,69.6,
Spain,2017,1,71.5,
Spain,2018,1,73.1,
France,1993,1,,
France,1994,1,,
France,1995,1,,
France,1996,1,,
France,1997,1,,
France,1998,1,,
France,1999,1,,
France,2000,1,,
France,2001,1,,
France,2002,1,,
France,2003,1,75.7,e
France,2004,1,75.4,e
France,2005,1,75.0,e
France,2006,1,74.6,e
France,2007,1,74.7,e
France,2008,1,75.1,e
France,2009,1,73.8,e
France,2010,1,73.6,e
France,2011,1,73.6,e
France,2012,1,73.5,e
France,2013,1,73.2,e
France,2014,1,73.1,
France,2015,1,73.2,
France,2016,1,73.8,
France,2017,1,74.6,
France,2018,1,75.2,
Croatia,1993,1,,
Croatia,1994,1,,
Croatia,1995,1,,
Croatia,1996,1,,
Croatia,1997,1,,
Croatia,1998,1,,
Croatia,1999,1,,
Croatia,2000,1,,
Croatia,2001,1,,
Croatia,2002,1,,
Croatia,2003,1,66.1,e
Croatia,2004,1,67.3,e
Croatia,2005,1,67.3,e
Croatia,2006,1,67.7,e
Croatia,2007,1,72.1,
Croatia,2008,1,72.9,
Croatia,2009,1,70.5,
Croatia,2010,1,67.9,
Croatia,2011,1,66.1,
Croatia,2012,1,63.7,
Croatia,2013,1,61.6,
Croatia,2014,1,64.2,
Croatia,2015,1,65.4,
Croatia,2016,1,66.2,
Croatia,2017,1,68.9,
Croatia,2018,1,70.3,
Italy,1993,1,75.0,e
Italy,1994,1,73.2,e
Italy,1995,1,72.0,e
Italy,1996,1,71.7,e
Italy,1997,1,71.5,e
Italy,1998,1,71.7,
Italy,1999,1,72.2,
Italy,2000,1,72.8,
Italy,2001,1,73.4,
Italy,2002,1,74.0,
Italy,2003,1,74.6,
Italy,2004,1,74.9,b
Italy,2005,1,74.8,
Italy,2006,1,75.4,
Italy,2007,1,75.7,
Italy,2008,1,75.3,
Italy,2009,1,73.7,
Italy,2010,1,72.7,
Italy,2011,1,72.5,
Italy,2012,1,71.5,
Italy,2013,1,69.7,
Italy,2014,1,69.7,
Italy,2015,1,70.6,
Italy,2016,1,71.7,
Italy,2017,1,72.3,
Italy,2018,1,72.9,
Cyprus,1993,1,,
Cyprus,1994,1,,
Cyprus,1995,1,,
Cyprus,1996,1,,
Cyprus,1997,1,86.6,e
Cyprus,1998,1,86.5,e
Cyprus,1999,1,86.0,e
Cyprus,2000,1,86.1,e
Cyprus,2001,1,86.3,e
Cyprus,2002,1,85.8,e
Cyprus,2003,1,85.6,e
Cyprus,2004,1,86.3,e
Cyprus,2005,1,85.5,
Cyprus,2006,1,86.2,
Cyprus,2007,1,86.4,
Cyprus,2008,1,85.2,
Cyprus,2009,1,82.8,b
Cyprus,2010,1,81.7,
Cyprus,2011,1,79.6,
Cyprus,2012,1,76.1,
Cyprus,2013,1,72.6,
Cyprus,2014,1,71.6,
Cyprus,2015,1,72.3,
Cyprus,2016,1,73.8,
Cyprus,2017,1,75.7,
Cyprus,2018,1,79.3,
Latvia,1993,1,,
Latvia,1994,1,,
Latvia,1995,1,,
Latvia,1996,1,,
Latvia,1997,1,70.6,e
Latvia,1998,1,71.1,e
Latvia,1999,1,70.5,e
Latvia,2000,1,68.4,e
Latvia,2001,1,68.9,e
Latvia,2002,1,71.2,b
Latvia,2003,1,73.0,
Latvia,2004,1,72.9,
Latvia,2005,1,74.3,
Latvia,2006,1,78.4,
Latvia,2007,1,80.5,
Latvia,2008,1,79.3,
Latvia,2009,1,66.8,
Latvia,2010,1,64.0,
Latvia,2011,1,67.5,
Latvia,2012,1,70.0,
Latvia,2013,1,71.9,
Latvia,2014,1,73.1,
Latvia,2015,1,74.6,
Latvia,2016,1,74.7,
Latvia,2017,1,77.0,
Latvia,2018,1,79.0,
Lithuania,1993,1,,
Lithuania,1994,1,,
Lithuania,1995,1,,
Lithuania,1996,1,,
Lithuania,1997,1,73.0,e
Lithuania,1998,1,72.6,e
Lithuania,1999,1,70.8,e
Lithuania,2000,1,67.3,e
Lithuania,2001,1,65.9,e
Lithuania,2002,1,70.8,b
Lithuania,2003,1,72.5,
Lithuania,2004,1,73.7,
Lithuania,2005,1,75.0,
Lithuania,2006,1,74.9,
Lithuania,2007,1,76.6,
Lithuania,2008,1,75.6,
Lithuania,2009,1,66.8,
Lithuania,2010,1,63.5,
Lithuania,2011,1,67.2,
Lithuania,2012,1,69.1,
Lithuania,2013,1,71.2,
Lithuania,2014,1,73.1,
Lithuania,2015,1,74.6,
Lithuania,2016,1,76.2,
Lithuania,2017,1,76.5,
Lithuania,2018,1,79.0,
Luxembourg,1993,1,81.0,e
Luxembourg,1994,1,80.0,e
Luxembourg,1995,1,79.8,e
Luxembourg,1996,1,79.9,e
Luxembourg,1997,1,80.3,e
Luxembourg,1998,1,80.4,e
Luxembourg,1999,1,80.2,e
Luxembourg,2000,1,80.5,e
Luxembourg,2001,1,80.4,e
Luxembourg,2002,1,80.3,e
Luxembourg,2003,1,79.1,b
Luxembourg,2004,1,78.9,
Luxembourg,2005,1,79.4,
Luxembourg,2006,1,78.9,
Luxembourg,2007,1,78.3,b
Luxembourg,2008,1,77.2,
Luxembourg,2009,1,79.0,b
Luxembourg,2010,1,79.2,
Luxembourg,2011,1,78.1,
Luxembourg,2012,1,78.5,
Luxembourg,2013,1,78.0,
Luxembourg,2014,1,78.4,
Luxembourg,2015,1,76.7,b
Luxembourg,2016,1,76.1,
Luxembourg,2017,1,75.4,
Luxembourg,2018,1,76.0,
Hungary,1993,1,,
Hungary,1994,1,,
Hungary,1995,1,,
Hungary,1996,1,,
Hungary,1997,1,66.5,e
Hungary,1998,1,66.6,e
Hungary,1999,1,68.3,
Hungary,2000,1,68.9,
Hungary,2001,1,68.9,b
Hungary,2002,1,69.0,
Hungary,2003,1,69.6,
Hungary,2004,1,69.2,
Hungary,2005,1,69.2,
Hungary,2006,1,70.1,
Hungary,2007,1,69.8,
Hungary,2008,1,68.7,
Hungary,2009,1,66.5,
Hungary,2010,1,65.5,
Hungary,2011,1,66.4,
Hungary,2012,1,67.3,
Hungary,2013,1,69.3,
Hungary,2014,1,73.5,
Hungary,2015,1,75.8,
Hungary,2016,1,78.6,
Hungary,2017,1,81.0,
Hungary,2018,1,82.1,
Malta,1993,1,,
Malta,1994,1,,
Malta,1995,1,,
Malta,1996,1,,
Malta,1997,1,81.6,e
Malta,1998,1,81.6,e
Malta,1999,1,81.6,e
Malta,2000,1,81.6,e
Malta,2001,1,81.8,e
Malta,2002,1,81.0,
Malta,2003,1,80.6,
Malta,2004,1,81.2,
Malta,2005,1,79.7,b
Malta,2006,1,79.6,
Malta,2007,1,79.0,
Malta,2008,1,78.5,
Malta,2009,1,77.5,
Malta,2010,1,78.2,
Malta,2011,1,79.0,
Malta,2012,1,79.4,
Malta,2013,1,80.3,
Malta,2014,1,81.1,
Malta,2015,1,82.1,
Malta,2016,1,83.5,
Malta,2017,1,84.7,
Malta,2018,1,86.0,
Netherlands,1993,1,78.7,e
Netherlands,1994,1,78.1,e
Netherlands,1995,1,78.4,e
Netherlands,1996,1,79.5,e
Netherlands,1997,1,81.3,e
Netherlands,1998,1,82.6,e
Netherlands,1999,1,83.3,e
Netherlands,2000,1,84.3,
Netherlands,2001,1,84.9,
Netherlands,2002,1,84.6,
Netherlands,2003,1,83.4,
Netherlands,2004,1,82.7,
Netherlands,2005,1,80.9,b
Netherlands,2006,1,81.6,
Netherlands,2007,1,83.2,
Netherlands,2008,1,84.4,
Netherlands,2009,1,83.6,
Netherlands,2010,1,82.5,
Netherlands,2011,1,82.4,
Netherlands,2012,1,82.3,
Netherlands,2013,1,81.1,
Netherlands,2014,1,81.1,
Netherlands,2015,1,81.9,
Netherlands,2016,1,82.6,
Netherlands,2017,1,83.3,
Netherlands,2018,1,84.3,
Austria,1993,1,,
Austria,1994,1,,
Austria,1995,1,80.7,e
Austria,1996,1,79.9,e
Austria,1997,1,80.0,e
Austria,1998,1,80.2,e
Austria,1999,1,80.4,
Austria,2000,1,80.6,
Austria,2001,1,80.0,
Austria,2002,1,79.6,
Austria,2003,1,79.6,
Austria,2004,1,76.4,b
Austria,2005,1,76.9,
Austria,2006,1,78.1,
Austria,2007,1,79.5,b
Austria,2008,1,80.1,
Austria,2009,1,78.7,
Austria,2010,1,79.0,
Austria,2011,1,79.2,
Austria,2012,1,79.3,
Austria,2013,1,79.1,
Austria,2014,1,78.3,
Austria,2015,1,78.4,
Austria,2016,1,78.7,
Austria,2017,1,79.4,
Austria,2018,1,80.7,
Poland,1993,1,,
Poland,1994,1,,
Poland,1995,1,,
Poland,1996,1,,
Poland,1997,1,,
Poland,1998,1,73.3,e
Poland,1999,1,70.1,e
Poland,2000,1,68.0,b
Poland,2001,1,66.0,b
Poland,2002,1,63.6,
Poland,2003,1,63.1,b
Poland,2004,1,63.5,b
Poland,2005,1,65.1,
Poland,2006,1,67.3,
Poland,2007,1,70.2,
Poland,2008,1,73.0,
Poland,2009,1,72.6,
Poland,2010,1,71.3,b
Poland,2011,1,71.9,
Poland,2012,1,72.0,
Poland,2013,1,72.1,
Poland,2014,1,73.6,
Poland,2015,1,74.7,
Poland,2016,1,76.4,
Poland,2017,1,78.2,
Poland,2018,1,79.4,
Portugal,1993,1,81.2,e
Portugal,1994,1,79.7,e
Portugal,1995,1,78.4,e
Portugal,1996,1,77.9,e
Portugal,1997,1,78.2,
Portugal,1998,1,82.1,b
Portugal,1999,1,81.8,
Portugal,2000,1,82.3,
Portugal,2001,1,82.5,
Portugal,2002,1,81.9,
Portugal,2003,1,80.3,
Portugal,2004,1,79.3,
Portugal,2005,1,78.7,
Portugal,2006,1,79.2,
Portugal,2007,1,79.1,
Portugal,2008,1,79.4,
Portugal,2009,1,76.4,
Portugal,2010,1,75.4,
Portugal,2011,1,73.2,b
Portugal,2012,1,69.8,
Portugal,2013,1,68.7,
Portugal,2014,1,71.3,
Portugal,2015,1,72.6,
Portugal,2016,1,74.2,
Portugal,2017,1,77.3,
Portugal,2018,1,78.9,
Romania,1993,1,,
Romania,1994,1,,
Romania,1995,1,,
Romania,1996,1,,
Romania,1997,1,,
Romania,1998,1,77.4,e
Romania,1999,1,75.9,
Romania,2000,1,75.4,
Romania,2001,1,74.6,
Romania,2002,1,70.1,b
Romania,2003,1,70.5,b
Romania,2004,1,69.7,
Romania,2005,1,70.4,
Romania,2006,1,71.2,
Romania,2007,1,71.0,
Romania,2008,1,71.6,
Romania,2009,1,70.7,
Romania,2010,1,73.1,b
Romania,2011,1,71.5,
Romania,2012,1,72.8,
Romania,2013,1,72.8,
Romania,2014,1,74.0,
Romania,2015,1,74.7,
Romania,2016,1,75.0,
Romania,2017,1,77.3,
Romania,2018,1,78.9,
Slovenia,1993,1,,
Slovenia,1994,1,,
Slovenia,1995,1,,
Slovenia,1996,1,,
Slovenia,1997,1,73.0,e
Slovenia,1998,1,73.3,e
Slovenia,1999,1,73.0,
Slovenia,2000,1,73.2,
Slovenia,2001,1,74.6,
Slovenia,2002,1,74.1,
Slovenia,2003,1,73.2,
Slovenia,2004,1,75.4,
Slovenia,2005,1,75.8,
Slovenia,2006,1,76.3,
Slovenia,2007,1,77.5,
Slovenia,2008,1,77.4,
Slovenia,2009,1,75.6,
Slovenia,2010,1,74.0,
Slovenia,2011,1,71.8,
Slovenia,2012,1,71.8,
Slovenia,2013,1,71.2,
Slovenia,2014,1,71.6,
Slovenia,2015,1,73.3,
Slovenia,2016,1,73.3,
Slovenia,2017,1,76.9,
Slovenia,2018,1,79.0,
Slovakia,1993,1,,
Slovakia,1994,1,,
Slovakia,1995,1,,
Slovakia,1996,1,,
Slovakia,1997,1,76.5,e
Slovakia,1998,1,75.9,
Slovakia,1999,1,72.4,b
Slovakia,2000,1,70.0,
Slovakia,2001,1,69.7,
Slovakia,2002,1,70.2,
Slovakia,2003,1,71.4,b
Slovakia,2004,1,70.9,
Slovakia,2005,1,72.5,
Slovakia,2006,1,74.6,
Slovakia,2007,1,76.0,
Slovakia,2008,1,77.4,
Slovakia,2009,1,74.6,
Slovakia,2010,1,71.9,
Slovakia,2011,1,72.5,b
Slovakia,2012,1,72.8,
Slovakia,2013,1,72.2,
Slovakia,2014,1,73.2,
Slovakia,2015,1,75.0,
Slovakia,2016,1,76.9,
Slovakia,2017,1,77.5,
Slovakia,2018,1,79.2,
Finland,1993,1,,
Finland,1994,1,,
Finland,1995,1,,
Finland,1996,1,67.5,e
Finland,1997,1,69.7,e
Finland,1998,1,72.2,
Finland,1999,1,73.8,
Finland,2000,1,74.9,b
Finland,2001,1,75.7,
Finland,2002,1,74.8,
Finland,2003,1,74.4,
Finland,2004,1,74.5,
Finland,2005,1,75.1,
Finland,2006,1,76.3,
Finland,2007,1,77.2,
Finland,2008,1,78.4,
Finland,2009,1,74.7,
Finland,2010,1,74.5,
Finland,2011,1,75.6,
Finland,2012,1,75.5,
Finland,2013,1,74.7,
Finland,2014,1,74.0,
Finland,2015,1,73.9,
Finland,2016,1,75.0,
Finland,2017,1,75.9,
Finland,2018,1,78.2,
Sweden,1993,1,,
Sweden,1994,1,,
Sweden,1995,1,,
Sweden,1996,1,76.2,e
Sweden,1997,1,75.8,e
Sweden,1998,1,76.7,e
Sweden,1999,1,77.8,e
Sweden,2000,1,79.0,e
Sweden,2001,1,80.9,b
Sweden,2002,1,80.3,
Sweden,2003,1,79.8,
Sweden,2004,1,79.4,
Sweden,2005,1,80.5,b
Sweden,2006,1,81.7,
Sweden,2007,1,83.1,
Sweden,2008,1,83.5,
Sweden,2009,1,80.9,
Sweden,2010,1,81.1,
Sweden,2011,1,82.1,
Sweden,2012,1,81.9,
Sweden,2013,1,82.2,
Sweden,2014,1,82.2,
Sweden,2015,1,82.5,
Sweden,2016,1,83.0,
Sweden,2017,1,83.8,
Sweden,2018,1,84.4,b
United Kingdom,1993,1,77.4,e
United Kingdom,1994,1,77.9,e
United Kingdom,1995,1,78.5,e
United Kingdom,1996,1,78.9,e
United Kingdom,1997,1,80.0,e
United Kingdom,1998,1,80.7,e
United Kingdom,1999,1,81.0,b
United Kingdom,2000,1,81.4,
United Kingdom,2001,1,81.6,
United Kingdom,2002,1,81.6,
United Kingdom,2003,1,81.9,
United Kingdom,2004,1,82.1,b
United Kingdom,2005,1,82.0,
United Kingdom,2006,1,82.1,
United Kingdom,2007,1,82.2,b
United Kingdom,2008,1,81.9,b
United Kingdom,2009,1,79.7,
United Kingdom,2010,1,79.3,
United Kingdom,2011,1,79.3,
United Kingdom,2012,1,80.0,
United Kingdom,2013,1,80.4,
United Kingdom,2014,1,81.9,
United Kingdom,2015,1,82.5,
United Kingdom,2016,1,83.1,
United Kingdom,2017,1,83.3,
United Kingdom,2018,1,83.7,
Iceland,1993,1,,
Iceland,1994,1,,
Iceland,1995,1,,
Iceland,1996,1,,
Iceland,1997,1,,
Iceland,1998,1,,
Iceland,1999,1,,
Iceland,2000,1,,
Iceland,2001,1,,
Iceland,2002,1,,
Iceland,2003,1,88.6,b
Iceland,2004,1,88.8,
Iceland,2005,1,89.6,
Iceland,2006,1,90.6,
Iceland,2007,1,91.5,
Iceland,2008,1,89.9,
Iceland,2009,1,83.2,
Iceland,2010,1,83.1,
Iceland,2011,1,83.3,
Iceland,2012,1,84.4,
Iceland,2013,1,86.0,
Iceland,2014,1,88.0,
Iceland,2015,1,89.6,
Iceland,2016,1,91.1,
Iceland,2017,1,90.5,
Iceland,2018,1,89.5,
Norway,1993,1,,
Norway,1994,1,,
Norway,1995,1,,
Norway,1996,1,83.0,e
Norway,1997,1,84.7,e
Norway,1998,1,85.6,e
Norway,1999,1,84.9,e
Norway,2000,1,84.5,
Norway,2001,1,84.0,
Norway,2002,1,83.2,
Norway,2003,1,81.8,
Norway,2004,1,81.5,
Norway,2005,1,81.6,
Norway,2006,1,83.2,b
Norway,2007,1,84.3,
Norway,2008,1,84.8,
Norway,2009,1,83.1,
Norway,2010,1,82.1,
Norway,2011,1,82.1,
Norway,2012,1,82.4,
Norway,2013,1,82.1,
Norway,2014,1,81.9,
Norway,2015,1,81.3,
Norway,2016,1,80.4,
Norway,2017,1,80.2,
Norway,2018,1,81.7,
Switzerland,1993,1,,
Switzerland,1994,1,,
Switzerland,1995,1,,
Switzerland,1996,1,,
Switzerland,1997,1,,
Switzerland,1998,1,,
Switzerland,1999,1,,
Switzerland,2000,1,,
Switzerland,2001,1,,
Switzerland,2002,1,,
Switzerland,2003,1,,
Switzerland,2004,1,,
Switzerland,2005,1,,
Switzerland,2006,1,,
Switzerland,2007,1,,
Switzerland,2008,1,,
Switzerland,2009,1,,
Switzerland,2010,1,86.1,b
Switzerland,2011,1,86.8,
Switzerland,2012,1,86.7,
Switzerland,2013,1,86.2,
Switzerland,2014,1,86.0,
Switzerland,2015,1,86.5,
Switzerland,2016,1,86.5,
Switzerland,2017,1,86.8,
Switzerland,2018,1,87.0,
Montenegro,1993,1,,
Montenegro,1994,1,,
Montenegro,1995,1,,
Montenegro,1996,1,,
Montenegro,1997,1,,
Montenegro,1998,1,,
Montenegro,1999,1,,
Montenegro,2000,1,,
Montenegro,2001,1,,
Montenegro,2002,1,,
Montenegro,2003,1,,
Montenegro,2004,1,,
Montenegro,2005,1,,
Montenegro,2006,1,,
Montenegro,2007,1,,
Montenegro,2008,1,,
Montenegro,2009,1,,
Montenegro,2010,1,,
Montenegro,2011,1,57.0,
Montenegro,2012,1,57.9,
Montenegro,2013,1,58.1,
Montenegro,2014,1,61.4,
Montenegro,2015,1,61.9,
Montenegro,2016,1,63.0,
Montenegro,2017,1,65.2,
Montenegro,2018,1,66.7,
North Macedonia,1993,1,,
North Macedonia,1994,1,,
North Macedonia,1995,1,,
North Macedonia,1996,1,,
North Macedonia,1997,1,,
North Macedonia,1998,1,,
North Macedonia,1999,1,,
North Macedonia,2000,1,,
North Macedonia,2001,1,,
North Macedonia,2002,1,,
North Macedonia,2003,1,,
North Macedonia,2004,1,,
North Macedonia,2005,1,,
North Macedonia,2006,1,53.6,
North Macedonia,2007,1,54.0,
North Macedonia,2008,1,56.2,
North Macedonia,2009,1,58.4,
North Macedonia,2010,1,58.4,
North Macedonia,2011,1,57.8,
North Macedonia,2012,1,57.5,
North Macedonia,2013,1,59.7,
North Macedonia,2014,1,61.6,
North Macedonia,2015,1,61.5,
North Macedonia,2016,1,63.7,
North Macedonia,2017,1,65.6,
North Macedonia,2018,1,66.6,
Serbia,1993,1,,
Serbia,1994,1,,
Serbia,1995,1,,
Serbia,1996,1,,
Serbia,1997,1,,
Serbia,1998,1,,
Serbia,1999,1,,
Serbia,2000,1,,
Serbia,2001,1,,
Serbia,2002,1,,
Serbia,2003,1,,
Serbia,2004,1,,
Serbia,2005,1,,
Serbia,2006,1,,
Serbia,2007,1,,
Serbia,2008,1,,
Serbia,2009,1,,
Serbia,2010,1,,
Serbia,2011,1,,
Serbia,2012,1,,
Serbia,2013,1,,
Serbia,2014,1,62.4,
Serbia,2015,1,63.7,
Serbia,2016,1,66.3,
Serbia,2017,1,68.5,
Serbia,2018,1,70.5,
Turkey,1993,1,,
Turkey,1994,1,,
Turkey,1995,1,,
Turkey,1996,1,,
Turkey,1997,1,,
Turkey,1998,1,,
Turkey,1999,1,,
Turkey,2000,1,,
Turkey,2001,1,,
Turkey,2002,1,,
Turkey,2003,1,,
Turkey,2004,1,,
Turkey,2005,1,,
Turkey,2006,1,73.2,
Turkey,2007,1,73.0,
Turkey,2008,1,72.7,
Turkey,2009,1,70.4,
Turkey,2010,1,72.7,
Turkey,2011,1,75.1,
Turkey,2012,1,75.0,
Turkey,2013,1,75.3,
Turkey,2014,1,75.0,b
Turkey,2015,1,75.3,
Turkey,2016,1,75.5,
Turkey,2017,1,76.1,
Turkey,2018,1,76.0,
European Union - 27 countries (from 2020),1993,2,,
European Union - 27 countries (from 2020),1994,2,,
European Union - 27 countries (from 2020),1995,2,,
European Union - 27 countries (from 2020),1996,2,,
European Union - 27 countries (from 2020),1997,2,,
European Union - 27 countries (from 2020),1998,2,,
European Union - 27 countries (from 2020),1999,2,,
European Union - 27 countries (from 2020),2000,2,,
European Union - 27 countries (from 2020),2001,2,56.7,
European Union - 27 countries (from 2020),2002,2,56.9,
European Union - 27 countries (from 2020),2003,2,57.4,
European Union - 27 countries (from 2020),2004,2,58.1,
European Union - 27 countries (from 2020),2005,2,58.7,
European Union - 27 countries (from 2020),2006,2,60.0,
European Union - 27 countries (from 2020),2007,2,61.1,
European Union - 27 countries (from 2020),2008,2,61.9,
European Union - 27 countries (from 2020),2009,2,61.4,
European Union - 27 countries (from 2020),2010,2,61.2,
European Union - 27 countries (from 2020),2011,2,61.4,
European Union - 27 countries (from 2020),2012,2,61.5,
European Union - 27 countries (from 2020),2013,2,61.6,
European Union - 27 countries (from 2020),2014,2,62.4,
European Union - 27 countries (from 2020),2015,2,63.3,
European Union - 27 countries (from 2020),2016,2,64.3,
European Union - 27 countries (from 2020),2017,2,65.5,
European Union - 27 countries (from 2020),2018,2,66.5,
European Union - 28 countries (2013-2020),1993,2,,
European Union - 28 countries (2013-2020),1994,2,,
European Union - 28 countries (2013-2020),1995,2,,
European Union - 28 countries (2013-2020),1996,2,,
European Union - 28 countries (2013-2020),1997,2,,
European Union - 28 countries (2013-2020),1998,2,,
European Union - 28 countries (2013-2020),1999,2,,
European Union - 28 countries (2013-2020),2000,2,,
European Union - 28 countries (2013-2020),2001,2,57.9,
European Union - 28 countries (2013-2020),2002,2,58.2,
European Union - 28 countries (2013-2020),2003,2,58.7,
European Union - 28 countries (2013-2020),2004,2,59.3,
European Union - 28 countries (2013-2020),2005,2,59.9,
European Union - 28 countries (2013-2020),2006,2,61.0,
European Union - 28 countries (2013-2020),2007,2,62.0,
European Union - 28 countries (2013-2020),2008,2,62.7,
European Union - 28 countries (2013-2020),2009,2,62.2,
European Union - 28 countries (2013-2020),2010,2,62.1,
European Union - 28 countries (2013-2020),2011,2,62.2,
European Union - 28 countries (2013-2020),2012,2,62.4,
European Union - 28 countries (2013-2020),2013,2,62.6,
European Union - 28 countries (2013-2020),2014,2,63.5,
European Union - 28 countries (2013-2020),2015,2,64.3,
European Union - 28 countries (2013-2020),2016,2,65.3,
European Union - 28 countries (2013-2020),2017,2,66.4,
European Union - 28 countries (2013-2020),2018,2,67.4,
European Union - 27 countries (2007-2013),1993,2,,
European Union - 27 countries (2007-2013),1994,2,,
European Union - 27 countries (2007-2013),1995,2,,
European Union - 27 countries (2007-2013),1996,2,,
European Union - 27 countries (2007-2013),1997,2,,
European Union - 27 countries (2007-2013),1998,2,,
European Union - 27 countries (2007-2013),1999,2,,
European Union - 27 countries (2007-2013),2000,2,,
European Union - 27 countries (2007-2013),2001,2,,
European Union - 27 countries (2007-2013),2002,2,,
European Union - 27 countries (2007-2013),2003,2,,
European Union - 27 countries (2007-2013),2004,2,,
European Union - 27 countries (2007-2013),2005,2,,
European Union - 27 countries (2007-2013),2006,2,,
European Union - 27 countries (2007-2013),2007,2,,
European Union - 27 countries (2007-2013),2008,2,,
European Union - 27 countries (2007-2013),2009,2,,
European Union - 27 countries (2007-2013),2010,2,,
European Union - 27 countries (2007-2013),2011,2,,
European Union - 27 countries (2007-2013),2012,2,,
European Union - 27 countries (2007-2013),2013,2,,
European Union - 27 countries (2007-2013),2014,2,,
European Union - 27 countries (2007-2013),2015,2,,
European Union - 27 countries (2007-2013),2016,2,,
European Union - 27 countries (2007-2013),2017,2,,
European Union - 27 countries (2007-2013),2018,2,,
Euro area - 19 countries  (from 2015),1993,2,,
Euro area - 19 countries  (from 2015),1994,2,,
Euro area - 19 countries  (from 2015),1995,2,,
Euro area - 19 countries  (from 2015),1996,2,,
Euro area - 19 countries  (from 2015),1997,2,51.5,
Euro area - 19 countries  (from 2015),1998,2,52.4,
Euro area - 19 countries  (from 2015),1999,2,53.7,
Euro area - 19 countries  (from 2015),2000,2,54.9,
Euro area - 19 countries  (from 2015),2001,2,55.9,
Euro area - 19 countries  (from 2015),2002,2,56.9,
Euro area - 19 countries  (from 2015),2003,2,57.6,
Euro area - 19 countries  (from 2015),2004,2,58.4,
Euro area - 19 countries  (from 2015),2005,2,59.1,
Euro area - 19 countries  (from 2015),2006,2,60.4,
Euro area - 19 countries  (from 2015),2007,2,61.5,
Euro area - 19 countries  (from 2015),2008,2,62.3,
Euro area - 19 countries  (from 2015),2009,2,61.8,
Euro area - 19 countries  (from 2015),2010,2,61.8,
Euro area - 19 countries  (from 2015),2011,2,62.0,
Euro area - 19 countries  (from 2015),2012,2,62.0,
Euro area - 19 countries  (from 2015),2013,2,62.0,
Euro area - 19 countries  (from 2015),2014,2,62.7,
Euro area - 19 countries  (from 2015),2015,2,63.4,
Euro area - 19 countries  (from 2015),2016,2,64.4,
Euro area - 19 countries  (from 2015),2017,2,65.4,
Euro area - 19 countries  (from 2015),2018,2,66.4,
Euro area - 18 countries (2014),1993,2,,
Euro area - 18 countries (2014),1994,2,,
Euro area - 18 countries (2014),1995,2,,
Euro area - 18 countries (2014),1996,2,,
Euro area - 18 countries (2014),1997,2,51.4,
Euro area - 18 countries (2014),1998,2,52.3,
Euro area - 18 countries (2014),1999,2,53.6,
Euro area - 18 countries (2014),2000,2,54.8,
Euro area - 18 countries (2014),2001,2,55.9,
Euro area - 18 countries (2014),2002,2,56.8,
Euro area - 18 countries (2014),2003,2,57.5,
Euro area - 18 countries (2014),2004,2,58.3,
Euro area - 18 countries (2014),2005,2,59.1,
Euro area - 18 countries (2014),2006,2,60.3,
Euro area - 18 countries (2014),2007,2,61.4,
Euro area - 18 countries (2014),2008,2,62.2,
Euro area - 18 countries (2014),2009,2,61.8,
Euro area - 18 countries (2014),2010,2,61.7,
Euro area - 18 countries (2014),2011,2,62.0,
Euro area - 18 countries (2014),2012,2,62.0,
Euro area - 18 countries (2014),2013,2,62.0,
Euro area - 18 countries (2014),2014,2,62.6,
Euro area - 18 countries (2014),2015,2,63.3,
Euro area - 18 countries (2014),2016,2,64.3,
Euro area - 18 countries (2014),2017,2,65.3,
Euro area - 18 countries (2014),2018,2,66.3,
Belgium,1993,2,48.9,e
Belgium,1994,2,49.1,e
Belgium,1995,2,49.6,e
Belgium,1996,2,50.2,e
Belgium,1997,2,51.4,e
Belgium,1998,2,52.7,e
Belgium,1999,2,54.7,b
Belgium,2000,2,56.0,
Belgium,2001,2,55.3,b
Belgium,2002,2,55.8,
Belgium,2003,2,56.2,
Belgium,2004,2,57.2,
Belgium,2005,2,58.6,
Belgium,2006,2,58.8,
Belgium,2007,2,60.3,
Belgium,2008,2,61.3,
Belgium,2009,2,61.0,
Belgium,2010,2,61.6,
Belgium,2011,2,61.5,
Belgium,2012,2,61.7,
Belgium,2013,2,62.1,
Belgium,2014,2,62.9,
Belgium,2015,2,63.0,
Belgium,2016,2,63.0,
Belgium,2017,2,63.6,b
Belgium,2018,2,65.5,
Bulgaria,1993,2,,
Bulgaria,1994,2,,
Bulgaria,1995,2,,
Bulgaria,1996,2,,
Bulgaria,1997,2,,
Bulgaria,1998,2,,
Bulgaria,1999,2,,
Bulgaria,2000,2,50.7,
Bulgaria,2001,2,51.5,b
Bulgaria,2002,2,52.3,
Bulgaria,2003,2,54.0,
Bulgaria,2004,2,56.0,
Bulgaria,2005,2,57.1,
Bulgaria,2006,2,60.4,
Bulgaria,2007,2,63.5,
Bulgaria,2008,2,65.4,
Bulgaria,2009,2,64.0,
Bulgaria,2010,2,60.8,b
Bulgaria,2011,2,59.8,b
Bulgaria,2012,2,60.2,
Bulgaria,2013,2,60.7,
Bulgaria,2014,2,62.0,
Bulgaria,2015,2,63.8,
Bulgaria,2016,2,64.0,
Bulgaria,2017,2,67.3,
Bulgaria,2018,2,68.3,
Czechia,1993,2,,
Czechia,1994,2,,
Czechia,1995,2,,
Czechia,1996,2,,
Czechia,1997,2,,
Czechia,1998,2,63.9,
Czechia,1999,2,62.3,
Czechia,2000,2,61.9,
Czechia,2001,2,62.2,
Czechia,2002,2,62.3,
Czechia,2003,2,61.4,
Czechia,2004,2,61.1,
Czechia,2005,2,61.3,
Czechia,2006,2,61.8,
Czechia,2007,2,62.4,
Czechia,2008,2,62.5,
Czechia,2009,2,61.4,
Czechia,2010,2,60.9,
Czechia,2011,2,61.7,b
Czechia,2012,2,62.5,
Czechia,2013,2,63.8,
Czechia,2014,2,64.7,
Czechia,2015,2,66.4,
Czechia,2016,2,68.6,
Czechia,2017,2,70.5,
Czechia,2018,2,72.2,
Denmark,1993,2,69.6,e
Denmark,1994,2,68.3,e
Denmark,1995,2,67.9,e
Denmark,1996,2,68.5,e
Denmark,1997,2,70.1,e
Denmark,1998,2,71.2,e
Denmark,1999,2,72.3,b
Denmark,2000,2,72.9,
Denmark,2001,2,73.7,
Denmark,2002,2,73.1,
Denmark,2003,2,72.4,
Denmark,2004,2,73.0,
Denmark,2005,2,73.7,
Denmark,2006,2,74.8,
Denmark,2007,2,74.7,
Denmark,2008,2,74.3,b
Denmark,2009,2,73.1,
Denmark,2010,2,72.0,
Denmark,2011,2,71.4,
Denmark,2012,2,71.1,
Denmark,2013,2,71.2,
Denmark,2014,2,71.0,
Denmark,2015,2,71.5,
Denmark,2016,2,72.5,b
Denmark,2017,2,73.2,b
Denmark,2018,2,73.9,
Germany (until 1990 former territory of the FRG),1993,2,56.9,e
Germany (until 1990 former territory of the FRG),1994,2,57.2,e
Germany (until 1990 former territory of the FRG),1995,2,57.6,e
Germany (until 1990 former territory of the FRG),1996,2,57.8,e
Germany (until 1990 former territory of the FRG),1997,2,57.9,e
Germany (until 1990 former territory of the FRG),1998,2,58.6,e
Germany (until 1990 former territory of the FRG),1999,2,59.9,e
Germany (until 1990 former territory of the FRG),2000,2,60.8,e
Germany (until 1990 former territory of the FRG),2001,2,61.5,e
Germany (until 1990 former territory of the FRG),2002,2,61.8,e
Germany (until 1990 former territory of the FRG),2003,2,61.9,e
Germany (until 1990 former territory of the FRG),2004,2,62.0,e
Germany (until 1990 former territory of the FRG),2005,2,63.1,b
Germany (until 1990 former territory of the FRG),2006,2,65.0,
Germany (until 1990 former territory of the FRG),2007,2,66.7,
Germany (until 1990 former territory of the FRG),2008,2,67.8,
Germany (until 1990 former territory of the FRG),2009,2,68.7,
Germany (until 1990 former territory of the FRG),2010,2,69.7,b
Germany (until 1990 former territory of the FRG),2011,2,71.3,b
Germany (until 1990 former territory of the FRG),2012,2,71.6,
Germany (until 1990 former territory of the FRG),2013,2,72.5,
Germany (until 1990 former territory of the FRG),2014,2,73.1,
Germany (until 1990 former territory of the FRG),2015,2,73.6,
Germany (until 1990 former territory of the FRG),2016,2,74.5,
Germany (until 1990 former territory of the FRG),2017,2,75.2,
Germany (until 1990 former territory of the FRG),2018,2,75.8,
Estonia,1993,2,,
Estonia,1994,2,,
Estonia,1995,2,,
Estonia,1996,2,,
Estonia,1997,2,65.7,e
Estonia,1998,2,66.1,e
Estonia,1999,2,63.9,e
Estonia,2000,2,62.8,b
Estonia,2001,2,63.5,
Estonia,2002,2,64.3,
Estonia,2003,2,66.0,
Estonia,2004,2,67.3,
Estonia,2005,2,69.7,
Estonia,2006,2,72.5,
Estonia,2007,2,72.6,
Estonia,2008,2,72.9,
Estonia,2009,2,69.0,
Estonia,2010,2,65.9,
Estonia,2011,2,67.8,
Estonia,2012,2,69.4,
Estonia,2013,2,70.1,
Estonia,2014,2,70.6,
Estonia,2015,2,72.6,
Estonia,2016,2,72.6,
Estonia,2017,2,75.1,
Estonia,2018,2,75.6,
Ireland,1993,2,42.6,e
Ireland,1994,2,44.6,e
Ireland,1995,2,46.4,e
Ireland,1996,2,48.2,e
Ireland,1997,2,50.1,e
Ireland,1998,2,54.4,b
Ireland,1999,2,57.2,
Ireland,2000,2,59.2,
Ireland,2001,2,60.4,
Ireland,2002,2,61.0,
Ireland,2003,2,61.1,
Ireland,2004,2,62.2,
Ireland,2005,2,63.7,
Ireland,2006,2,64.6,
Ireland,2007,2,65.8,b
Ireland,2008,2,65.4,
Ireland,2009,2,62.9,
Ireland,2010,2,61.1,
Ireland,2011,2,60.2,
Ireland,2012,2,60.2,
Ireland,2013,2,61.3,
Ireland,2014,2,62.3,
Ireland,2015,2,63.8,
Ireland,2016,2,65.4,
Ireland,2017,2,67.0,
Ireland,2018,2,68.1,
Greece,1993,2,39.8,e
Greece,1994,2,40.6,e
Greece,1995,2,41.5,e
Greece,1996,2,42.1,e
Greece,1997,2,42.9,e
Greece,1998,2,44.1,b
Greece,1999,2,44.8,
Greece,2000,2,45.5,
Greece,2001,2,45.2,b
Greece,2002,2,46.8,
Greece,2003,2,48.1,
Greece,2004,2,49.0,b
Greece,2005,2,49.7,
Greece,2006,2,51.3,
Greece,2007,2,51.7,
Greece,2008,2,52.6,
Greece,2009,2,52.9,b
Greece,2010,2,51.8,
Greece,2011,2,48.7,
Greece,2012,2,45.2,
Greece,2013,2,43.3,
Greece,2014,2,44.3,
Greece,2015,2,46.0,
Greece,2016,2,46.8,
Greece,2017,2,48.0,
Greece,2018,2,49.1,
Spain,1993,2,33.8,e
Spain,1994,2,33.9,e
Spain,1995,2,34.9,e
Spain,1996,2,36.3,
Spain,1997,2,37.9,
Spain,1998,2,39.1,
Spain,1999,2,41.6,
Spain,2000,2,44.5,
Spain,2001,2,46.3,b
Spain,2002,2,48.3,
Spain,2003,2,50.2,
Spain,2004,2,52.1,
Spain,2005,2,55.1,b
Spain,2006,2,57.1,
Spain,2007,2,58.6,
Spain,2008,2,58.9,
Spain,2009,2,56.8,
Spain,2010,2,56.3,
Spain,2011,2,56.1,
Spain,2012,2,54.6,
Spain,2013,2,53.8,
Spain,2014,2,54.8,
Spain,2015,2,56.4,
Spain,2016,2,58.1,
Spain,2017,2,59.6,
Spain,2018,2,61.0,
France,1993,2,,
France,1994,2,,
France,1995,2,,
France,1996,2,,
France,1997,2,,
France,1998,2,,
France,1999,2,,
France,2000,2,,
France,2001,2,,
France,2002,2,,
France,2003,2,63.0,e
France,2004,2,63.0,e
France,2005,2,63.2,e
France,2006,2,63.4,e
France,2007,2,64.3,e
France,2008,2,65.0,e
France,2009,2,64.4,e
France,2010,2,64.3,e
France,2011,2,64.1,e
France,2012,2,64.6,e
France,2013,2,64.9,e
France,2014,2,65.6,
France,2015,2,66.0,
France,2016,2,66.3,
France,2017,2,66.7,
France,2018,2,67.6,
Croatia,1993,2,,
Croatia,1994,2,,
Croatia,1995,2,,
Croatia,1996,2,,
Croatia,1997,2,,
Croatia,1998,2,,
Croatia,1999,2,,
Croatia,2000,2,,
Croatia,2001,2,,
Croatia,2002,2,,
Croatia,2003,2,51.1,e
Croatia,2004,2,52.0,e
Croatia,2005,2,52.8,e
Croatia,2006,2,53.6,e
Croatia,2007,2,55.9,
Croatia,2008,2,57.0,
Croatia,2009,2,58.0,
Croatia,2010,2,56.4,
Croatia,2011,2,53.6,
Croatia,2012,2,52.6,
Croatia,2013,2,52.8,
Croatia,2014,2,54.2,
Croatia,2015,2,55.9,
Croatia,2016,2,56.6,
Croatia,2017,2,58.3,
Croatia,2018,2,60.1,
Italy,1993,2,38.7,e
Italy,1994,2,38.5,e
Italy,1995,2,38.5,e
Italy,1996,2,38.8,e
Italy,1997,2,39.1,e
Italy,1998,2,39.9,
Italy,1999,2,40.9,
Italy,2000,2,42.2,
Italy,2001,2,43.8,
Italy,2002,2,44.9,
Italy,2003,2,45.6,
Italy,2004,2,48.5,b
Italy,2005,2,48.5,
Italy,2006,2,49.6,
Italy,2007,2,49.9,
Italy,2008,2,50.6,
Italy,2009,2,49.7,
Italy,2010,2,49.5,
Italy,2011,2,49.9,
Italy,2012,2,50.5,
Italy,2013,2,49.9,
Italy,2014,2,50.3,
Italy,2015,2,50.6,
Italy,2016,2,51.6,
Italy,2017,2,52.5,
Italy,2018,2,53.1,
Cyprus,1993,2,,
Cyprus,1994,2,,
Cyprus,1995,2,,
Cyprus,1996,2,,
Cyprus,1997,2,56.5,e
Cyprus,1998,2,56.4,e
Cyprus,1999,2,56.9,e
Cyprus,2000,2,59.1,e
Cyprus,2001,2,62.4,e
Cyprus,2002,2,64.6,e
Cyprus,2003,2,65.4,e
Cyprus,2004,2,64.6,e
Cyprus,2005,2,63.8,
Cyprus,2006,2,65.9,
Cyprus,2007,2,67.7,
Cyprus,2008,2,68.2,
Cyprus,2009,2,68.3,b
Cyprus,2010,2,68.8,
Cyprus,2011,2,67.7,
Cyprus,2012,2,64.8,
Cyprus,2013,2,62.2,
Cyprus,2014,2,63.9,
Cyprus,2015,2,64.0,
Cyprus,2016,2,64.1,
Cyprus,2017,2,66.2,
Cyprus,2018,2,68.9,
Latvia,1993,2,,
Latvia,1994,2,,
Latvia,1995,2,,
Latvia,1996,2,,
Latvia,1997,2,60.9,e
Latvia,1998,2,60.0,e
Latvia,1999,2,59.0,e
Latvia,2000,2,59.3,e
Latvia,2001,2,60.6,e
Latvia,2002,2,62.3,b
Latvia,2003,2,63.2,
Latvia,2004,2,63.5,
Latvia,2005,2,64.5,
Latvia,2006,2,68.4,
Latvia,2007,2,70.3,
Latvia,2008,2,71.9,
Latvia,2009,2,66.5,
Latvia,2010,2,64.5,
Latvia,2011,2,65.3,
Latvia,2012,2,66.4,
Latvia,2013,2,67.7,
Latvia,2014,2,68.5,
Latvia,2015,2,70.5,
Latvia,2016,2,71.8,
Latvia,2017,2,72.7,
Latvia,2018,2,74.8,
Lithuania,1993,2,,
Lithuania,1994,2,,
Lithuania,1995,2,,
Lithuania,1996,2,,
Lithuania,1997,2,63.9,e
Lithuania,1998,2,64.3,e
Lithuania,1999,2,65.0,e
Lithuania,2000,2,63.9,e
Lithuania,2001,2,62.6,e
Lithuania,2002,2,63.9,b
Lithuania,2003,2,65.6,
Lithuania,2004,2,65.3,
Lithuania,2005,2,66.6,
Lithuania,2006,2,68.0,
Lithuania,2007,2,69.1,
Lithuania,2008,2,68.7,
Lithuania,2009,2,67.2,
Lithuania,2010,2,65.0,
Lithuania,2011,2,66.6,
Lithuania,2012,2,67.9,
Lithuania,2013,2,68.6,
Lithuania,2014,2,70.6,
Lithuania,2015,2,72.2,
Lithuania,2016,2,74.3,
Lithuania,2017,2,75.5,
Lithuania,2018,2,76.7,
Luxembourg,1993,2,47.1,e
Luxembourg,1994,2,46.8,e
Luxembourg,1995,2,45.9,e
Luxembourg,1996,2,47.1,e
Luxembourg,1997,2,48.9,e
Luxembourg,1998,2,49.8,e
Luxembourg,1999,2,51.7,e
Luxembourg,2000,2,53.1,e
Luxembourg,2001,2,54.1,e
Luxembourg,2002,2,55.0,e
Luxembourg,2003,2,55.1,b
Luxembourg,2004,2,56.2,
Luxembourg,2005,2,58.4,
Luxembourg,2006,2,59.4,
Luxembourg,2007,2,61.0,b
Luxembourg,2008,2,60.1,
Luxembourg,2009,2,61.5,b
Luxembourg,2010,2,62.0,
Luxembourg,2011,2,61.9,
Luxembourg,2012,2,64.1,
Luxembourg,2013,2,63.9,
Luxembourg,2014,2,65.5,
Luxembourg,2015,2,65.0,b
Luxembourg,2016,2,65.1,
Luxembourg,2017,2,67.5,
Luxembourg,2018,2,68.0,
Hungary,1993,2,,
Hungary,1994,2,,
Hungary,1995,2,,
Hungary,1996,2,,
Hungary,1997,2,49.9,e
Hungary,1998,2,51.4,e
Hungary,1999,2,53.2,
Hungary,2000,2,53.9,
Hungary,2001,2,54.1,b
Hungary,2002,2,54.3,
Hungary,2003,2,55.5,
Hungary,2004,2,55.3,
Hungary,2005,2,55.6,
Hungary,2006,2,55.6,
Hungary,2007,2,55.2,
Hungary,2008,2,54.8,
Hungary,2009,2,54.0,
Hungary,2010,2,54.6,
Hungary,2011,2,54.7,
Hungary,2012,2,56.2,
Hungary,2013,2,56.9,
Hungary,2014,2,60.2,
Hungary,2015,2,62.1,
Hungary,2016,2,64.6,
Hungary,2017,2,65.7,
Hungary,2018,2,66.8,
Malta,1993,2,,
Malta,1994,2,,
Malta,1995,2,,
Malta,1996,2,,
Malta,1997,2,33.4,e
Malta,1998,2,33.4,e
Malta,1999,2,33.4,e
Malta,2000,2,33.2,e
Malta,2001,2,33.0,e
Malta,2002,2,34.4,
Malta,2003,2,34.9,
Malta,2004,2,34.3,
Malta,2005,2,34.8,b
Malta,2006,2,35.7,
Malta,2007,2,37.7,
Malta,2008,2,39.4,
Malta,2009,2,40.0,
Malta,2010,2,41.6,
Malta,2011,2,43.8,
Malta,2012,2,48.0,
Malta,2013,2,51.7,
Malta,2014,2,54.3,
Malta,2015,2,55.3,
Malta,2016,2,58.0,
Malta,2017,2,60.6,
Malta,2018,2,64.1,
Netherlands,1993,2,53.5,e
Netherlands,1994,2,54.5,e
Netherlands,1995,2,55.2,e
Netherlands,1996,2,56.8,e
Netherlands,1997,2,58.7,e
Netherlands,1998,2,60.5,e
Netherlands,1999,2,62.3,e
Netherlands,2000,2,64.1,
Netherlands,2001,2,65.7,
Netherlands,2002,2,66.8,
Netherlands,2003,2,66.9,
Netherlands,2004,2,66.9,
Netherlands,2005,2,64.4,b
Netherlands,2006,2,65.7,
Netherlands,2007,2,67.7,
Netherlands,2008,2,69.4,
Netherlands,2009,2,69.9,
Netherlands,2010,2,69.8,
Netherlands,2011,2,70.4,
Netherlands,2012,2,71.0,
Netherlands,2013,2,70.6,
Netherlands,2014,2,69.7,
Netherlands,2015,2,70.8,
Netherlands,2016,2,71.6,
Netherlands,2017,2,72.8,
Netherlands,2018,2,74.2,
Austria,1993,2,,
Austria,1994,2,,
Austria,1995,2,60.9,e
Austria,1996,2,60.7,e
Austria,1997,2,60.9,e
Austria,1998,2,61.5,e
Austria,1999,2,61.8,
Austria,2000,2,62.3,
Austria,2001,2,62.8,
Austria,2002,2,64.1,
Austria,2003,2,64.5,
Austria,2004,2,62.7,b
Austria,2005,2,64.0,
Austria,2006,2,65.2,
Austria,2007,2,66.2,b
Austria,2008,2,67.6,
Austria,2009,2,68.2,
Austria,2010,2,68.8,
Austria,2011,2,69.2,
Austria,2012,2,69.6,
Austria,2013,2,70.0,
Austria,2014,2,70.1,
Austria,2015,2,70.2,
Austria,2016,2,70.9,
Austria,2017,2,71.4,
Austria,2018,2,71.7,
Poland,1993,2,,
Poland,1994,2,,
Poland,1995,2,,
Poland,1996,2,,
Poland,1997,2,,
Poland,1998,2,57.5,e
Poland,1999,2,56.2,e
Poland,2000,2,54.2,b
Poland,2001,2,53.0,b
Poland,2002,2,51.4,
Poland,2003,2,51.2,b
Poland,2004,2,51.2,b
Poland,2005,2,51.7,
Poland,2006,2,53.1,
Poland,2007,2,55.5,
Poland,2008,2,57.3,
Poland,2009,2,57.6,
Poland,2010,2,57.3,b
Poland,2011,2,57.2,
Poland,2012,2,57.5,
Poland,2013,2,57.6,
Poland,2014,2,59.4,
Poland,2015,2,60.9,
Poland,2016,2,62.2,
Poland,2017,2,63.6,
Poland,2018,2,65.0,
Portugal,1993,2,59.2,e
Portugal,1994,2,58.7,e
Portugal,1995,2,58.8,e
Portugal,1996,2,59.1,e
Portugal,1997,2,60.5,
Portugal,1998,2,62.8,b
Portugal,1999,2,64.0,
Portugal,2000,2,65.1,
Portugal,2001,2,65.8,
Portugal,2002,2,65.7,
Portugal,2003,2,65.8,
Portugal,2004,2,65.9,
Portugal,2005,2,66.0,
Portugal,2006,2,66.3,
Portugal,2007,2,66.3,
Portugal,2008,2,67.1,
Portugal,2009,2,66.1,
Portugal,2010,2,65.6,
Portugal,2011,2,64.6,b
Portugal,2012,2,63.0,
Portugal,2013,2,62.3,
Portugal,2014,2,64.2,
Portugal,2015,2,65.9,
Portugal,2016,2,67.4,
Portugal,2017,2,69.8,
Portugal,2018,2,72.1,
Romania,1993,2,,
Romania,1994,2,,
Romania,1995,2,,
Romania,1996,2,,
Romania,1997,2,,
Romania,1998,2,63.7,e
Romania,1999,2,63.2,
Romania,2000,2,63.0,
Romania,2001,2,62.3,
Romania,2002,2,56.8,b
Romania,2003,2,57.0,b
Romania,2004,2,57.4,
Romania,2005,2,56.9,
Romania,2006,2,58.5,
Romania,2007,2,57.9,
Romania,2008,2,57.3,
Romania,2009,2,56.3,
Romania,2010,2,56.5,b
Romania,2011,2,56.2,
Romania,2012,2,56.7,
Romania,2013,2,56.5,
Romania,2014,2,57.3,
Romania,2015,2,57.2,
Romania,2016,2,57.4,
Romania,2017,2,60.2,
Romania,2018,2,60.6,
Slovenia,1993,2,,
Slovenia,1994,2,,
Slovenia,1995,2,,
Slovenia,1996,2,,
Slovenia,1997,2,63.7,e
Slovenia,1998,2,64.3,e
Slovenia,1999,2,63.1,
Slovenia,2000,2,63.6,
Slovenia,2001,2,64.1,
Slovenia,2002,2,63.8,
Slovenia,2003,2,62.8,
Slovenia,2004,2,65.4,
Slovenia,2005,2,66.2,
Slovenia,2006,2,66.5,
Slovenia,2007,2,67.1,
Slovenia,2008,2,68.5,
Slovenia,2009,2,67.9,
Slovenia,2010,2,66.5,
Slovenia,2011,2,64.8,
Slovenia,2012,2,64.6,
Slovenia,2013,2,63.0,
Slovenia,2014,2,63.6,
Slovenia,2015,2,64.7,
Slovenia,2016,2,66.7,
Slovenia,2017,2,69.7,
Slovenia,2018,2,71.7,
Slovakia,1993,2,,
Slovakia,1994,2,,
Slovakia,1995,2,,
Slovakia,1996,2,,
Slovakia,1997,2,59.2,e
Slovakia,1998,2,59.2,
Slovakia,1999,2,57.8,b
Slovakia,2000,2,57.2,
Slovakia,2001,2,57.5,
Slovakia,2002,2,57.2,
Slovakia,2003,2,58.4,b
Slovakia,2004,2,56.7,
Slovakia,2005,2,56.7,
Slovakia,2006,2,57.5,
Slovakia,2007,2,58.7,
Slovakia,2008,2,60.3,
Slovakia,2009,2,58.2,
Slovakia,2010,2,57.4,
Slovakia,2011,2,57.4,b
Slovakia,2012,2,57.3,
Slovakia,2013,2,57.8,
Slovakia,2014,2,58.6,
Slovakia,2015,2,60.3,
Slovakia,2016,2,62.7,
Slovakia,2017,2,64.7,
Slovakia,2018,2,65.5,
Finland,1993,2,,
Finland,1994,2,,
Finland,1995,2,,
Finland,1996,2,62.4,e
Finland,1997,2,63.6,e
Finland,1998,2,65.3,
Finland,1999,2,67.6,
Finland,2000,2,68.2,b
Finland,2001,2,69.5,
Finland,2002,2,70.4,
Finland,2003,2,70.0,
Finland,2004,2,69.7,
Finland,2005,2,70.8,
Finland,2006,2,71.5,
Finland,2007,2,72.5,
Finland,2008,2,73.1,
Finland,2009,2,72.4,
Finland,2010,2,71.5,
Finland,2011,2,71.9,
Finland,2012,2,72.5,
Finland,2013,2,71.9,
Finland,2014,2,72.1,
Finland,2015,2,71.8,
Finland,2016,2,71.7,
Finland,2017,2,72.4,
Finland,2018,2,74.5,
Sweden,1993,2,,
Sweden,1994,2,,
Sweden,1995,2,,
Sweden,1996,2,73.3,e
Sweden,1997,2,71.6,e
Sweden,1998,2,71.6,e
Sweden,1999,2,73.6,e
Sweden,2000,2,74.6,e
Sweden,2001,2,76.4,b
Sweden,2002,2,76.6,
Sweden,2003,2,76.0,
Sweden,2004,2,75.3,
Sweden,2005,2,75.2,b
Sweden,2006,2,75.8,
Sweden,2007,2,77.1,
Sweden,2008,2,77.2,
Sweden,2009,2,75.7,
Sweden,2010,2,75.0,
Sweden,2011,2,76.5,
Sweden,2012,2,76.8,
Sweden,2013,2,77.2,
Sweden,2014,2,77.6,
Sweden,2015,2,78.3,
Sweden,2016,2,79.2,
Sweden,2017,2,79.8,
Sweden,2018,2,80.2,b
United Kingdom,1993,2,62.9,e
United Kingdom,1994,2,63.2,e
United Kingdom,1995,2,63.6,e
United Kingdom,1996,2,64.4,e
United Kingdom,1997,2,65.1,e
United Kingdom,1998,2,65.5,e
United Kingdom,1999,2,66.2,b
United Kingdom,2000,2,66.8,
United Kingdom,2001,2,67.3,
United Kingdom,2002,2,67.5,
United Kingdom,2003,2,67.7,
United Kingdom,2004,2,68.0,b
United Kingdom,2005,2,68.5,
United Kingdom,2006,2,68.6,
United Kingdom,2007,2,68.4,b
United Kingdom,2008,2,68.8,b
United Kingdom,2009,2,68.2,
United Kingdom,2010,2,67.9,
United Kingdom,2011,2,67.8,
United Kingdom,2012,2,68.4,
United Kingdom,2013,2,69.3,
United Kingdom,2014,2,70.6,
United Kingdom,2015,2,71.3,
United Kingdom,2016,2,72.1,
United Kingdom,2017,2,73.1,
United Kingdom,2018,2,73.8,
Iceland,1993,2,,
Iceland,1994,2,,
Iceland,1995,2,,
Iceland,1996,2,,
Iceland,1997,2,,
Iceland,1998,2,,
Iceland,1999,2,,
Iceland,2000,2,,
Iceland,2001,2,,
Iceland,2002,2,,
Iceland,2003,2,81.5,b
Iceland,2004,2,79.9,
Iceland,2005,2,81.2,
Iceland,2006,2,81.8,
Iceland,2007,2,81.4,
Iceland,2008,2,80.4,
Iceland,2009,2,77.8,
Iceland,2010,2,77.6,
Iceland,2011,2,77.9,
Iceland,2012,2,79.1,
Iceland,2013,2,79.5,
Iceland,2014,2,81.7,
Iceland,2015,2,83.3,
Iceland,2016,2,84.4,
Iceland,2017,2,84.5,
Iceland,2018,2,83.2,
Norway,1993,2,,
Norway,1994,2,,
Norway,1995,2,,
Norway,1996,2,73.1,e
Norway,1997,2,74.8,e
Norway,1998,2,76.3,e
Norway,1999,2,76.3,e
Norway,2000,2,76.1,
Norway,2001,2,76.2,
Norway,2002,2,75.9,
Norway,2003,2,75.0,
Norway,2004,2,74.8,
Norway,2005,2,74.6,
Norway,2006,2,75.7,b
Norway,2007,2,77.5,
Norway,2008,2,78.6,
Norway,2009,2,77.9,
Norway,2010,2,76.9,
Norway,2011,2,77.1,
Norway,2012,2,77.3,
Norway,2013,2,77.1,
Norway,2014,2,77.1,
Norway,2015,2,76.7,
Norway,2016,2,76.7,
Norway,2017,2,76.2,
Norway,2018,2,76.5,
Switzerland,1993,2,,
Switzerland,1994,2,,
Switzerland,1995,2,,
Switzerland,1996,2,,
Switzerland,1997,2,,
Switzerland,1998,2,,
Switzerland,1999,2,,
Switzerland,2000,2,,
Switzerland,2001,2,,
Switzerland,2002,2,,
Switzerland,2003,2,,
Switzerland,2004,2,,
Switzerland,2005,2,,
Switzerland,2006,2,,
Switzerland,2007,2,,
Switzerland,2008,2,,
Switzerland,2009,2,,
Switzerland,2010,2,73.2,b
Switzerland,2011,2,74.6,
Switzerland,2012,2,75.3,
Switzerland,2013,2,75.3,
Switzerland,2014,2,76.2,
Switzerland,2015,2,76.8,
Switzerland,2016,2,77.5,
Switzerland,2017,2,77.4,
Switzerland,2018,2,77.9,
Montenegro,1993,2,,
Montenegro,1994,2,,
Montenegro,1995,2,,
Montenegro,1996,2,,
Montenegro,1997,2,,
Montenegro,1998,2,,
Montenegro,1999,2,,
Montenegro,2000,2,,
Montenegro,2001,2,,
Montenegro,2002,2,,
Montenegro,2003,2,,
Montenegro,2004,2,,
Montenegro,2005,2,,
Montenegro,2006,2,,
Montenegro,2007,2,,
Montenegro,2008,2,,
Montenegro,2009,2,,
Montenegro,2010,2,,
Montenegro,2011,2,44.4,
Montenegro,2012,2,46.2,
Montenegro,2013,2,47.5,
Montenegro,2014,2,49.7,
Montenegro,2015,2,51.6,
Montenegro,2016,2,51.3,
Montenegro,2017,2,51.4,
Montenegro,2018,2,52.9,
North Macedonia,1993,2,,
North Macedonia,1994,2,,
North Macedonia,1995,2,,
North Macedonia,1996,2,,
North Macedonia,1997,2,,
North Macedonia,1998,2,,
North Macedonia,1999,2,,
North Macedonia,2000,2,,
North Macedonia,2001,2,,
North Macedonia,2002,2,,
North Macedonia,2003,2,,
North Macedonia,2004,2,,
North Macedonia,2005,2,,
North Macedonia,2006,2,34.0,
North Macedonia,2007,2,35.8,
North Macedonia,2008,2,36.2,
North Macedonia,2009,2,37.1,
North Macedonia,2010,2,37.5,
North Macedonia,2011,2,38.8,
North Macedonia,2012,2,38.7,
North Macedonia,2013,2,40.7,
North Macedonia,2014,2,40.8,
North Macedonia,2015,2,42.1,
North Macedonia,2016,2,42.5,
North Macedonia,2017,2,43.7,
North Macedonia,2018,2,45.2,
Serbia,1993,2,,
Serbia,1994,2,,
Serbia,1995,2,,
Serbia,1996,2,,
Serbia,1997,2,,
Serbia,1998,2,,
Serbia,1999,2,,
Serbia,2000,2,,
Serbia,2001,2,,
Serbia,2002,2,,
Serbia,2003,2,,
Serbia,2004,2,,
Serbia,2005,2,,
Serbia,2006,2,,
Serbia,2007,2,,
Serbia,2008,2,,
Serbia,2009,2,,
Serbia,2010,2,,
Serbia,2011,2,,
Serbia,2012,2,,
Serbia,2013,2,,
Serbia,2014,2,47.2,
Serbia,2015,2,48.4,
Serbia,2016,2,51.9,
Serbia,2017,2,54.5,
Serbia,2018,2,55.8,
Turkey,1993,2,,
Turkey,1994,2,,
Turkey,1995,2,,
Turkey,1996,2,,
Turkey,1997,2,,
Turkey,1998,2,,
Turkey,1999,2,,
Turkey,2000,2,,
Turkey,2001,2,,
Turkey,2002,2,,
Turkey,2003,2,,
Turkey,2004,2,,
Turkey,2005,2,,
Turkey,2006,2,24.0,
Turkey,2007,2,24.2,
Turkey,2008,2,24.9,
Turkey,2009,2,25.8,
Turkey,2010,2,28.0,
Turkey,2011,2,29.7,
Turkey,2012,2,30.9,
Turkey,2013,2,31.8,
Turkey,2014,2,31.6,b
Turkey,2015,2,32.5,
Turkey,2016,2,33.2,
Turkey,2017,2,34.5,
Turkey,2018,2,35.2,
